,cohort,patient_id,age_num,age_class,age_class_gte_5yo,sex,tuberculosis_type,TB_class,TB_suggestive_majority,TB_suggestive_minority,cough,fever,malnutrition,hiv,tuberculosis_contact,bcg_scar,filepath_AP,filepath_LAT,split,fold_cv
0,pTBred,1-10-8,1.75,1,0,M,confirmed,1,1,1,yes,yes,no,no,no,no,/mnt/nfs/projects/CXR-TB/RESULTS/nmessino/DEV/pTB_LungRegionExtractor/RESULTS/resultados_nuevos/cropped_clahe/AP/TB1_1-10-8-AP.jpg,-1,train,0
1,pTBred,1-11-1,14.5,3,1,F,confirmed,1,1,1,yes,yes,no,no,no,no,/mnt/nfs/projects/CXR-TB/RESULTS/nmessino/DEV/pTB_LungRegionExtractor/RESULTS/resultados_nuevos/cropped_clahe/AP/TB1_1-11-1-AP.jpg,-1,train,3
2,pTBred,1-12-2,0.58,1,0,F,confirmed,1,1,1,yes,yes,no,no,no,no,/mnt/nfs/projects/CXR-TB/RESULTS/nmessino/DEV/pTB_LungRegionExtractor/RESULTS/resultados_nuevos/cropped_clahe/AP/TB1_1-12-2-AP.jpg,/mnt/nfs/projects/CXR-TB/RESULTS/nmessino/DEV/pTB_LungRegionExtractor/RESULTS/resultados_nuevos/cropped_clahe/LAT/TB1_1-12-2-LAT.jpg,train,0
3,pTBred,1-12-3,5.0,2,1,M,confirmed,1,1,1,no,no,no,no,yes,no,/mnt/nfs/projects/CXR-TB/RESULTS/nmessino/DEV/pTB_LungRegionExtractor/RESULTS/resultados_nuevos/cropped_clahe/AP/TB1_1-12-3-AP.jpg,/mnt/nfs/projects/CXR-TB/RESULTS/nmessino/DEV/pTB_LungRegionExtractor/RESULTS/resultados_nuevos/cropped_clahe/LAT/TB1_1-12-3-LAT.jpg,train,3
4,pTBred,1-12-4,2.42,1,0,F,confirmed,1,1,1,no,yes,no,no,no,no,/mnt/nfs/projects/CXR-TB/RESULTS/nmessino/DEV/pTB_LungRegionExtractor/RESULTS/resultados_nuevos/cropped_clahe/AP/TB1_1-12-4-AP.jpg,/mnt/nfs/projects/CXR-TB/RESULTS/nmessino/DEV/pTB_LungRegionExtractor/RESULTS/resultados_nuevos/cropped_clahe/LAT/TB1_1-12-4-LAT.jpg,-1
5,pTBred,1-12-6,0.92,1,0,M,confirmed,1,1,1,yes,yes,no,no,yes,no,/mnt/nfs/projects/CXR-TB/RESULTS/nmessino/DEV/pTB_LungRegionExtractor/RESULTS/resultados_nuevos/cropped_clahe/AP/TB1_1-12-6-AP.jpg,-1,train,4
6,pTBred,1-13-4,2.42,1,0,F,confirmed,1,1,1,yes,yes,no,no,no,no,/mnt/nfs/projects/CXR-TB/RESULTS/nmessino/DEV/pTB_LungRegionExtractor/RESULTS/resultados_nuevos/cropped_clahe/AP/TB1_1-13-4-AP.jpg,/mnt/nfs/projects/CXR-TB/RESULTS/nmessino/DEV/pTB_LungRegionExtractor/RESULTS/resultados_nuevos/cropped_clahe/LAT/TB1_1-13-4-LAT.jpg,-1
7,pTBred,1-148-7,5.92,2,1,M,confirmed,1,0,1,yes,yes,no,no,no,no,/mnt/nfs/projects/CXR-TB/RESULTS/nmessino/DEV/pTB_LungRegionExtractor/RESULTS/resultados_nuevos/cropped_clahe/AP/TB1_1-148-7-AP.jpg,/mnt/nfs/projects/CXR-TB/RESULTS/nmessino/DEV/pTB_LungRegionExtractor/RESULTS/resultados_nuevos/cropped_clahe/LAT/TB1_1-148-7-LAT.jpg,train,4
8,pTBred,1-2-1,1.17,1,0,F,confirmed,1,1,1,yes,no,no,no,yes,no,/mnt/nfs/projects/CXR-TB/RESULTS/nmessino/DEV/pTB_LungRegionExtractor/RESULTS/resultados_nuevos/cropped_clahe/AP/TB1_1-2-1-AP.jpg,-1,train,0
9,pTBred,1-2-18,1.67,1,0,M,confirmed,1,0,1,yes,yes,no,no,no,no,/mnt/nfs/projects/CXR-TB/RESULTS/nmessino/DEV/pTB_LungRegionExtractor/RESULTS/resultados_nuevos/cropped_clahe/AP/TB1_1-2-18-AP.jpg,-1,train,0
10,pTBred,1-2-24,0.58,1,0,M,confirmed,1,1,1,yes,yes,no,no,yes,no,/mnt/nfs/projects/CXR-TB/RESULTS/nmessino/DEV/pTB_LungRegionExtractor/RESULTS/resultados_nuevos/cropped_clahe/AP/TB1_1-2-24-AP.jpg,-1,train,0
11,pTBred,1-2-29,12.42,3,1,F,confirmed,1,1,1,no,no,no,no,yes,unknown,/mnt/nfs/projects/CXR-TB/RESULTS/nmessino/DEV/pTB_LungRegionExtractor/RESULTS/resultados_nuevos/cropped_clahe/AP/TB1_1-2-29-AP.jpg,/mnt/nfs/projects/CXR-TB/RESULTS/nmessino/DEV/pTB_LungRegionExtractor/RESULTS/resultados_nuevos/cropped_clahe/LAT/TB1_1-2-29-LAT.jpg,train,3
12,pTBred,1-2-31,10.58,2,1,M,confirmed,1,1,1,yes,no,no,no,yes,unknown,/mnt/nfs/projects/CXR-TB/RESULTS/nmessino/DEV/pTB_LungRegionExtractor/RESULTS/resultados_nuevos/cropped_clahe/AP/TB1_1-2-31-AP.jpg,-1,train,2
13,pTBred,1-23-3,13.17,3,1,M,confirmed,1,1,1,yes,no,no,no,yes,no,/mnt/nfs/projects/CXR-TB/RESULTS/nmessino/DEV/pTB_LungRegionExtractor/RESULTS/resultados_nuevos/cropped_clahe/AP/TB1_1-23-3-AP.jpg,/mnt/nfs/projects/CXR-TB/RESULTS/nmessino/DEV/pTB_LungRegionExtractor/RESULTS/resultados_nuevos/cropped_clahe/LAT/TB1_1-23-3-LAT.jpg,train,3
14,pTBred,1-23-4,5.33,2,1,M,confirmed,1,0,1,yes,no,no,no,yes,no,/mnt/nfs/projects/CXR-TB/RESULTS/nmessino/DEV/pTB_LungRegionExtractor/RESULTS/resultados_nuevos/cropped_clahe/AP/TB1_1-23-4-AP.jpg,-1,-1
15,pTBred,1-3-13,3.25,2,0,F,confirmed,1,0,1,yes,yes,no,no,yes,no,/mnt/nfs/projects/CXR-TB/RESULTS/nmessino/DEV/pTB_LungRegionExtractor/RESULTS/resultados_nuevos/cropped_clahe/AP/TB1_1-3-13-AP.jpg,/mnt/nfs/projects/CXR-TB/RESULTS/nmessino/DEV/pTB_LungRegionExtractor/RESULTS/resultados_nuevos/cropped_clahe/LAT/TB1_1-3-13-LAT.jpg,train,1
16,pTBred,1-3-25,5.33,2,1,M,confirmed,1,1,1,yes,no,no,no,yes,no,/mnt/nfs/projects/CXR-TB/RESULTS/nmessino/DEV/pTB_LungRegionExtractor/RESULTS/resultados_nuevos/cropped_clahe/AP/TB1_1-3-25-AP.jpg,/mnt/nfs/projects/CXR-TB/RESULTS/nmessino/DEV/pTB_LungRegionExtractor/RESULTS/resultados_nuevos/cropped_clahe/LAT/TB1_1-3-25-LAT.jpg,train,0
17,pTBred,1-3-31,15.33,3,1,F,confirmed,1,1,1,yes,yes,no,no,yes,yes,/mnt/nfs/projects/CXR-TB/RESULTS/nmessino/DEV/pTB_LungRegionExtractor/RESULTS/resultados_nuevos/cropped_clahe/AP/TB1_1-3-31-AP.jpg,/mnt/nfs/projects/CXR-TB/RESULTS/nmessino/DEV/pTB_LungRegionExtractor/RESULTS/resultados_nuevos/cropped_clahe/LAT/TB1_1-3-31-LAT.jpg,train,3
18,pTBred,1-3-37,5.92,2,1,M,confirmed,1,0,1,no,no,no,no,yes,no,/mnt/nfs/projects/CXR-TB/RESULTS/nmessino/DEV/pTB_LungRegionExtractor/RESULTS/resultados_nuevos/cropped_clahe/AP/TB1_1-3-37-AP.jpg,/mnt/nfs/projects/CXR-TB/RESULTS/nmessino/DEV/pTB_LungRegionExtractor/RESULTS/resultados_nuevos/cropped_clahe/LAT/TB1_1-3-37-LAT.jpg,train,1
19,pTBred,1-3-38,3.67,2,0,M,confirmed,1,0,1,yes,yes,no,no,yes,no,/mnt/nfs/projects/CXR-TB/RESULTS/nmessino/DEV/pTB_LungRegionExtractor/RESULTS/resultados_nuevos/cropped_clahe/AP/TB1_1-3-38-AP.jpg,/mnt/nfs/projects/CXR-TB/RESULTS/nmessino/DEV/pTB_LungRegionExtractor/RESULTS/resultados_nuevos/cropped_clahe/LAT/TB1_1-3-38-LAT.jpg,-1
20,pTBred,1-3-4,3.42,2,0,F,confirmed,1,1,1,yes,no,no,no,yes,no,/mnt/nfs/projects/CXR-TB/RESULTS/nmessino/DEV/pTB_LungRegionExtractor/RESULTS/resultados_nuevos/cropped_clahe/AP/TB1_1-3-4-AP.jpg,/mnt/nfs/projects/CXR-TB/RESULTS/nmessino/DEV/pTB_LungRegionExtractor/RESULTS/resultados_nuevos/cropped_clahe/LAT/TB1_1-3-4-LAT.jpg,train,2
21,pTBred,1-3-42,14.25,3,1,M,confirmed,1,1,1,no,yes,no,no,yes,no,/mnt/nfs/projects/CXR-TB/RESULTS/nmessino/DEV/pTB_LungRegionExtractor/RESULTS/resultados_nuevos/cropped_clahe/AP/TB1_1-3-42-AP.jpg,-1,-1
22,pTBred,1-3-48,10.83,2,1,M,confirmed,1,0,1,no,yes,no,no,yes,yes,/mnt/nfs/projects/CXR-TB/RESULTS/nmessino/DEV/pTB_LungRegionExtractor/RESULTS/resultados_nuevos/cropped_clahe/AP/TB1_1-3-48-AP.jpg,-1,-1
23,pTBred,1-3-6,3.17,2,0,M,confirmed,1,0,1,yes,yes,no,no,yes,no,/mnt/nfs/projects/CXR-TB/RESULTS/nmessino/DEV/pTB_LungRegionExtractor/RESULTS/resultados_nuevos/cropped_clahe/AP/TB1_1-3-6-AP.jpg,/mnt/nfs/projects/CXR-TB/RESULTS/nmessino/DEV/pTB_LungRegionExtractor/RESULTS/resultados_nuevos/cropped_clahe/LAT/TB1_1-3-6-LAT.jpg,-1
24,pTBred,1-31-13,2.42,1,0,F,confirmed,1,1,1,no,no,no,no,yes,no,/mnt/nfs/projects/CXR-TB/RESULTS/nmessino/DEV/pTB_LungRegionExtractor/RESULTS/resultados_nuevos/cropped_clahe/AP/TB1_1-31-13-AP.jpg,-1,train,2
25,pTBred,1-31-14,3.42,2,0,M,confirmed,1,0,1,no,no,no,no,yes,no,/mnt/nfs/projects/CXR-TB/RESULTS/nmessino/DEV/pTB_LungRegionExtractor/RESULTS/resultados_nuevos/cropped_clahe/AP/TB1_1-31-14-AP.jpg,-1,train,3
26,pTBred,1-31-17,1.25,1,0,M,confirmed,1,1,1,no,no,no,no,yes,no,/mnt/nfs/projects/CXR-TB/RESULTS/nmessino/DEV/pTB_LungRegionExtractor/RESULTS/resultados_nuevos/cropped_clahe/AP/TB1_1-31-17-AP.jpg,-1,train,1
27,pTBred,1-31-18,0.92,1,0,F,confirmed,1,1,1,no,yes,no,no,yes,no,/mnt/nfs/projects/CXR-TB/RESULTS/nmessino/DEV/pTB_LungRegionExtractor/RESULTS/resultados_nuevos/cropped_clahe/AP/TB1_1-31-18-AP.jpg,-1,train,4
28,pTBred,1-31-4,3.17,2,0,F,confirmed,1,1,1,no,no,no,no,yes,no,/mnt/nfs/projects/CXR-TB/RESULTS/nmessino/DEV/pTB_LungRegionExtractor/RESULTS/resultados_nuevos/cropped_clahe/AP/TB1_1-31-4-AP.jpg,-1,train,3
29,pTBred,1-35-1,3.5,2,0,M,confirmed,1,0,1,yes,yes,no,no,no,no,/mnt/nfs/projects/CXR-TB/RESULTS/nmessino/DEV/pTB_LungRegionExtractor/RESULTS/resultados_nuevos/cropped_clahe/AP/TB1_1-35-1-AP.jpg,-1,train,1
30,pTBred,1-35-11,10.25,2,1,F,confirmed,1,1,1,no,yes,no,yes,no,yes,/mnt/nfs/projects/CXR-TB/RESULTS/nmessino/DEV/pTB_LungRegionExtractor/RESULTS/resultados_nuevos/cropped_clahe/AP/TB1_1-35-11-AP.jpg,-1,train,4
31,pTBred,1-35-12,13.75,3,1,F,confirmed,1,0,1,no,no,no,no,no,no,/mnt/nfs/projects/CXR-TB/RESULTS/nmessino/DEV/pTB_LungRegionExtractor/RESULTS/resultados_nuevos/cropped_clahe/AP/TB1_1-35-12-AP.jpg,-1,train,2
32,pTBred,1-35-17,2.17,1,0,M,confirmed,1,1,1,yes,yes,no,no,no,no,/mnt/nfs/projects/CXR-TB/RESULTS/nmessino/DEV/pTB_LungRegionExtractor/RESULTS/resultados_nuevos/cropped_clahe/AP/TB1_1-35-17-AP.jpg,-1,train,2
33,pTBred,1-35-20,1.92,1,0,M,confirmed,1,0,1,no,yes,no,no,yes,no,/mnt/nfs/projects/CXR-TB/RESULTS/nmessino/DEV/pTB_LungRegionExtractor/RESULTS/resultados_nuevos/cropped_clahe/AP/TB1_1-35-20-AP.jpg,-1,train,1
34,pTBred,1-35-21,1.67,1,0,M,confirmed,1,0,1,no,yes,no,no,yes,no,/mnt/nfs/projects/CXR-TB/RESULTS/nmessino/DEV/pTB_LungRegionExtractor/RESULTS/resultados_nuevos/cropped_clahe/AP/TB1_1-35-21-AP.jpg,-1,train,4
35,pTBred,1-35-23,0.25,1,0,M,confirmed,1,0,1,no,yes,no,no,no,no,/mnt/nfs/projects/CXR-TB/RESULTS/nmessino/DEV/pTB_LungRegionExtractor/RESULTS/resultados_nuevos/cropped_clahe/AP/TB1_1-35-23-AP.jpg,-1,train,3
36,pTBred,1-35-25,2.58,1,0,F,confirmed,1,0,1,yes,no,no,no,no,no,/mnt/nfs/projects/CXR-TB/RESULTS/nmessino/DEV/pTB_LungRegionExtractor/RESULTS/resultados_nuevos/cropped_clahe/AP/TB1_1-35-25-AP.jpg,-1,train,4
37,pTBred,1-35-26,2.25,1,0,M,confirmed,1,0,1,no,no,no,no,yes,no,/mnt/nfs/projects/CXR-TB/RESULTS/nmessino/DEV/pTB_LungRegionExtractor/RESULTS/resultados_nuevos/cropped_clahe/AP/TB1_1-35-26-AP.jpg,/mnt/nfs/projects/CXR-TB/RESULTS/nmessino/DEV/pTB_LungRegionExtractor/RESULTS/resultados_nuevos/cropped_clahe/LAT/TB1_1-35-26-LAT.jpg,train,1
38,pTBred,1-35-5,8.25,2,1,F,confirmed,1,1,1,yes,no,no,no,yes,no,/mnt/nfs/projects/CXR-TB/RESULTS/nmessino/DEV/pTB_LungRegionExtractor/RESULTS/resultados_nuevos/cropped_clahe/AP/TB1_1-35-5-AP.jpg,-1,-1
39,pTBred,1-35-6,0.08,1,0,M,confirmed,1,1,1,yes,yes,no,no,no,yes,/mnt/nfs/projects/CXR-TB/RESULTS/nmessino/DEV/pTB_LungRegionExtractor/RESULTS/resultados_nuevos/cropped_clahe/AP/TB1_1-35-6-AP.jpg,/mnt/nfs/projects/CXR-TB/RESULTS/nmessino/DEV/pTB_LungRegionExtractor/RESULTS/resultados_nuevos/cropped_clahe/LAT/TB1_1-35-6-LAT.jpg,-1
40,pTBred,1-35-8,1.5,1,0,F,confirmed,1,1,1,yes,yes,no,no,no,no,/mnt/nfs/projects/CXR-TB/RESULTS/nmessino/DEV/pTB_LungRegionExtractor/RESULTS/resultados_nuevos/cropped_clahe/AP/TB1_1-35-8-AP.jpg,/mnt/nfs/projects/CXR-TB/RESULTS/nmessino/DEV/pTB_LungRegionExtractor/RESULTS/resultados_nuevos/cropped_clahe/LAT/TB1_1-35-8-LAT.jpg,-1
41,pTBred,1-35-9,9.58,2,1,F,confirmed,1,1,1,no,no,no,no,no,no,/mnt/nfs/projects/CXR-TB/RESULTS/nmessino/DEV/pTB_LungRegionExtractor/RESULTS/resultados_nuevos/cropped_clahe/AP/TB1_1-35-9-AP.jpg,-1,train,3
42,pTBred,1-37-5,2.58,1,0,M,confirmed,1,0,1,yes,yes,no,no,no,no,/mnt/nfs/projects/CXR-TB/RESULTS/nmessino/DEV/pTB_LungRegionExtractor/RESULTS/resultados_nuevos/cropped_clahe/AP/TB1_1-37-5-AP.jpg,-1,train,0
43,pTBred,1-38-17,3.25,2,0,F,confirmed,1,0,1,no,no,no,no,yes,no,/mnt/nfs/projects/CXR-TB/RESULTS/nmessino/DEV/pTB_LungRegionExtractor/RESULTS/resultados_nuevos/cropped_clahe/AP/TB1_1-38-17-AP.jpg,-1,train,3
44,pTBred,1-38-19,3.0,1,0,M,confirmed,1,0,1,no,no,no,no,yes,no,/mnt/nfs/projects/CXR-TB/RESULTS/nmessino/DEV/pTB_LungRegionExtractor/RESULTS/resultados_nuevos/cropped_clahe/AP/TB1_1-38-19-AP.jpg,-1,train,3
45,pTBred,1-38-23,13.58,3,1,M,confirmed,1,1,1,no,no,no,no,yes,unknown,/mnt/nfs/projects/CXR-TB/RESULTS/nmessino/DEV/pTB_LungRegionExtractor/RESULTS/resultados_nuevos/cropped_clahe/AP/TB1_1-38-23-AP.jpg,-1,-1
46,pTBred,1-38-24,4.17,2,0,M,confirmed,1,0,1,no,no,no,no,yes,no,/mnt/nfs/projects/CXR-TB/RESULTS/nmessino/DEV/pTB_LungRegionExtractor/RESULTS/resultados_nuevos/cropped_clahe/AP/TB1_1-38-24-AP.jpg,-1,train,4
47,pTBred,1-40-9,4.5,2,0,F,confirmed,1,1,1,yes,no,no,no,no,no,/mnt/nfs/projects/CXR-TB/RESULTS/nmessino/DEV/pTB_LungRegionExtractor/RESULTS/resultados_nuevos/cropped_clahe/AP/TB1_1-40-9-AP.jpg,/mnt/nfs/projects/CXR-TB/RESULTS/nmessino/DEV/pTB_LungRegionExtractor/RESULTS/resultados_nuevos/cropped_clahe/LAT/TB1_1-40-9-LAT.jpg,train,0
48,pTBred,1-42-15,16.75,3,1,M,confirmed,1,1,1,no,yes,no,no,yes,unknown,/mnt/nfs/projects/CXR-TB/RESULTS/nmessino/DEV/pTB_LungRegionExtractor/RESULTS/resultados_nuevos/cropped_clahe/AP/TB1_1-42-15-AP.jpg,-1,train,0
49,pTBred,1-42-20,14.42,3,1,F,confirmed,1,1,1,yes,yes,no,no,yes,yes,/mnt/nfs/projects/CXR-TB/RESULTS/nmessino/DEV/pTB_LungRegionExtractor/RESULTS/resultados_nuevos/cropped_clahe/AP/TB1_1-42-20-AP.jpg,-1,-1
50,pTBred,1-42-3,0.42,1,0,F,confirmed,1,1,1,yes,yes,no,no,yes,no,/mnt/nfs/projects/CXR-TB/RESULTS/nmessino/DEV/pTB_LungRegionExtractor/RESULTS/resultados_nuevos/cropped_clahe/AP/TB1_1-42-3-AP.jpg,-1,train,1
51,pTBred,1-42-39,3.42,2,0,F,confirmed,1,0,1,yes,no,no,no,no,no,/mnt/nfs/projects/CXR-TB/RESULTS/nmessino/DEV/pTB_LungRegionExtractor/RESULTS/resultados_nuevos/cropped_clahe/AP/TB1_1-42-39-AP.jpg,-1,train,0
52,pTBred,1-42-5,0.75,1,0,F,confirmed,1,0,1,no,no,no,no,yes,no,/mnt/nfs/projects/CXR-TB/RESULTS/nmessino/DEV/pTB_LungRegionExtractor/RESULTS/resultados_nuevos/cropped_clahe/AP/TB1_1-42-5-AP.jpg,-1,train,0
53,pTBred,1-42-50,0.83,1,0,F,confirmed,1,0,1,yes,yes,no,no,yes,no,/mnt/nfs/projects/CXR-TB/RESULTS/nmessino/DEV/pTB_LungRegionExtractor/RESULTS/resultados_nuevos/cropped_clahe/AP/TB1_1-42-50-AP.jpg,-1,train,3
54,pTBred,1-42-68,16.92,3,1,M,confirmed,1,1,1,yes,yes,no,no,no,unknown,/mnt/nfs/projects/CXR-TB/RESULTS/nmessino/DEV/pTB_LungRegionExtractor/RESULTS/resultados_nuevos/cropped_clahe/AP/TB1_1-42-68-AP.jpg,-1,-1
55,pTBred,1-42-70,14.17,3,1,F,confirmed,1,1,1,yes,yes,no,no,yes,unknown,/mnt/nfs/projects/CXR-TB/RESULTS/nmessino/DEV/pTB_LungRegionExtractor/RESULTS/resultados_nuevos/cropped_clahe/AP/TB1_1-42-70-AP.jpg,-1,train,0
56,pTBred,1-42-71,2.42,1,0,M,confirmed,1,0,1,yes,yes,no,no,yes,no,/mnt/nfs/projects/CXR-TB/RESULTS/nmessino/DEV/pTB_LungRegionExtractor/RESULTS/resultados_nuevos/cropped_clahe/AP/TB1_1-42-71-AP.jpg,-1,train,2
57,pTBred,1-42-87,11.25,2,1,F,confirmed,1,0,1,yes,yes,no,no,yes,no,/mnt/nfs/projects/CXR-TB/RESULTS/nmessino/DEV/pTB_LungRegionExtractor/RESULTS/resultados_nuevos/cropped_clahe/AP/TB1_1-42-87-AP.jpg,-1,-1
58,pTBred,1-42-96,0.25,1,0,F,confirmed,1,0,1,yes,yes,no,no,no,no,/mnt/nfs/projects/CXR-TB/RESULTS/nmessino/DEV/pTB_LungRegionExtractor/RESULTS/resultados_nuevos/cropped_clahe/AP/TB1_1-42-96-AP.jpg,-1,train,2
59,pTBred,1-46-19,14.92,3,1,F,confirmed,1,1,1,yes,yes,no,no,no,yes,/mnt/nfs/projects/CXR-TB/RESULTS/nmessino/DEV/pTB_LungRegionExtractor/RESULTS/resultados_nuevos/cropped_clahe/AP/TB1_1-46-19-AP.jpg,/mnt/nfs/projects/CXR-TB/RESULTS/nmessino/DEV/pTB_LungRegionExtractor/RESULTS/resultados_nuevos/cropped_clahe/LAT/TB1_1-46-19-LAT.jpg,train,0
60,pTBred,1-46-26,0.42,1,0,M,confirmed,1,1,1,no,yes,no,no,yes,no,/mnt/nfs/projects/CXR-TB/RESULTS/nmessino/DEV/pTB_LungRegionExtractor/RESULTS/resultados_nuevos/cropped_clahe/AP/TB1_1-46-26-AP.jpg,/mnt/nfs/projects/CXR-TB/RESULTS/nmessino/DEV/pTB_LungRegionExtractor/RESULTS/resultados_nuevos/cropped_clahe/LAT/TB1_1-46-26-LAT.jpg,train,3
61,pTBred,1-46-3,7.75,2,1,F,confirmed,1,1,1,no,no,no,no,yes,no,/mnt/nfs/projects/CXR-TB/RESULTS/nmessino/DEV/pTB_LungRegionExtractor/RESULTS/resultados_nuevos/cropped_clahe/AP/TB1_1-46-3-AP.jpg,/mnt/nfs/projects/CXR-TB/RESULTS/nmessino/DEV/pTB_LungRegionExtractor/RESULTS/resultados_nuevos/cropped_clahe/LAT/TB1_1-46-3-LAT.jpg,train,0
62,pTBred,1-46-30,4.58,2,0,M,confirmed,1,1,1,no,no,no,no,yes,no,/mnt/nfs/projects/CXR-TB/RESULTS/nmessino/DEV/pTB_LungRegionExtractor/RESULTS/resultados_nuevos/cropped_clahe/AP/TB1_1-46-30-AP.jpg,/mnt/nfs/projects/CXR-TB/RESULTS/nmessino/DEV/pTB_LungRegionExtractor/RESULTS/resultados_nuevos/cropped_clahe/LAT/TB1_1-46-30-LAT.jpg,train,0
63,pTBred,1-46-31,4.08,2,0,M,confirmed,1,1,1,no,yes,no,no,yes,no,/mnt/nfs/projects/CXR-TB/RESULTS/nmessino/DEV/pTB_LungRegionExtractor/RESULTS/resultados_nuevos/cropped_clahe/AP/TB1_1-46-31-AP.jpg,-1,train,4
64,pTBred,1-46-33,7.5,2,1,F,confirmed,1,1,1,no,no,no,no,yes,no,/mnt/nfs/projects/CXR-TB/RESULTS/nmessino/DEV/pTB_LungRegionExtractor/RESULTS/resultados_nuevos/cropped_clahe/AP/TB1_1-46-33-AP.jpg,/mnt/nfs/projects/CXR-TB/RESULTS/nmessino/DEV/pTB_LungRegionExtractor/RESULTS/resultados_nuevos/cropped_clahe/LAT/TB1_1-46-33-LAT.jpg,train,0
65,pTBred,1-46-43,0.58,1,0,F,confirmed,1,1,1,yes,no,no,no,yes,no,/mnt/nfs/projects/CXR-TB/RESULTS/nmessino/DEV/pTB_LungRegionExtractor/RESULTS/resultados_nuevos/cropped_clahe/AP/TB1_1-46-43-AP.jpg,/mnt/nfs/projects/CXR-TB/RESULTS/nmessino/DEV/pTB_LungRegionExtractor/RESULTS/resultados_nuevos/cropped_clahe/LAT/TB1_1-46-43-LAT.jpg,-1
66,pTBred,1-46-44,1.08,1,0,F,confirmed,1,1,1,no,no,no,no,yes,no,/mnt/nfs/projects/CXR-TB/RESULTS/nmessino/DEV/pTB_LungRegionExtractor/RESULTS/resultados_nuevos/cropped_clahe/AP/TB1_1-46-44-AP.jpg,-1,train,0
67,pTBred,1-46-46,2.92,1,0,F,confirmed,1,0,1,yes,no,no,no,yes,no,/mnt/nfs/projects/CXR-TB/RESULTS/nmessino/DEV/pTB_LungRegionExtractor/RESULTS/resultados_nuevos/cropped_clahe/AP/TB1_1-46-46-AP.jpg,-1,train,2
68,pTBred,1-46-49,12.33,3,1,M,confirmed,1,0,1,no,no,no,no,yes,yes,/mnt/nfs/projects/CXR-TB/RESULTS/nmessino/DEV/pTB_LungRegionExtractor/RESULTS/resultados_nuevos/cropped_clahe/AP/TB1_1-46-49-AP.jpg,-1,train,1
69,pTBred,1-46-7,1.58,1,0,F,confirmed,1,1,1,no,no,no,no,yes,no,/mnt/nfs/projects/CXR-TB/RESULTS/nmessino/DEV/pTB_LungRegionExtractor/RESULTS/resultados_nuevos/cropped_clahe/AP/TB1_1-46-7-AP.jpg,/mnt/nfs/projects/CXR-TB/RESULTS/nmessino/DEV/pTB_LungRegionExtractor/RESULTS/resultados_nuevos/cropped_clahe/LAT/TB1_1-46-7-LAT.jpg,train,3
70,pTBred,1-5-10,13.92,3,1,M,confirmed,1,0,1,yes,yes,no,no,no,no,/mnt/nfs/projects/CXR-TB/RESULTS/nmessino/DEV/pTB_LungRegionExtractor/RESULTS/resultados_nuevos/cropped_clahe/AP/TB1_1-5-10-AP.jpg,/mnt/nfs/projects/CXR-TB/RESULTS/nmessino/DEV/pTB_LungRegionExtractor/RESULTS/resultados_nuevos/cropped_clahe/LAT/TB1_1-5-10-LAT.jpg,train,4
71,pTBred,1-5-14,0.67,1,0,M,confirmed,1,0,1,yes,yes,no,no,no,no,/mnt/nfs/projects/CXR-TB/RESULTS/nmessino/DEV/pTB_LungRegionExtractor/RESULTS/resultados_nuevos/cropped_clahe/AP/TB1_1-5-14-AP.jpg,-1,train,0
72,pTBred,1-5-17,1.5,1,0,M,confirmed,1,1,1,yes,yes,no,no,no,no,/mnt/nfs/projects/CXR-TB/RESULTS/nmessino/DEV/pTB_LungRegionExtractor/RESULTS/resultados_nuevos/cropped_clahe/AP/TB1_1-5-17-AP.jpg,/mnt/nfs/projects/CXR-TB/RESULTS/nmessino/DEV/pTB_LungRegionExtractor/RESULTS/resultados_nuevos/cropped_clahe/LAT/TB1_1-5-17-LAT.jpg,-1
73,pTBred,1-5-23,15.42,3,1,M,confirmed,1,1,1,yes,yes,no,no,yes,no,/mnt/nfs/projects/CXR-TB/RESULTS/nmessino/DEV/pTB_LungRegionExtractor/RESULTS/resultados_nuevos/cropped_clahe/AP/TB1_1-5-23-AP.jpg,/mnt/nfs/projects/CXR-TB/RESULTS/nmessino/DEV/pTB_LungRegionExtractor/RESULTS/resultados_nuevos/cropped_clahe/LAT/TB1_1-5-23-LAT.jpg,train,3
74,pTBred,1-5-24,8.17,2,1,M,confirmed,1,0,1,no,no,no,no,yes,no,/mnt/nfs/projects/CXR-TB/RESULTS/nmessino/DEV/pTB_LungRegionExtractor/RESULTS/resultados_nuevos/cropped_clahe/AP/TB1_1-5-24-AP.jpg,/mnt/nfs/projects/CXR-TB/RESULTS/nmessino/DEV/pTB_LungRegionExtractor/RESULTS/resultados_nuevos/cropped_clahe/LAT/TB1_1-5-24-LAT.jpg,train,4
75,pTBred,1-5-5,13.67,3,1,F,confirmed,1,0,1,yes,yes,no,no,yes,no,/mnt/nfs/projects/CXR-TB/RESULTS/nmessino/DEV/pTB_LungRegionExtractor/RESULTS/resultados_nuevos/cropped_clahe/AP/TB1_1-5-5-AP.jpg,-1,-1
76,pTBred,1-5-7,12.08,3,1,F,confirmed,1,1,1,yes,yes,no,no,yes,unknown,/mnt/nfs/projects/CXR-TB/RESULTS/nmessino/DEV/pTB_LungRegionExtractor/RESULTS/resultados_nuevos/cropped_clahe/AP/TB1_1-5-7-AP.jpg,/mnt/nfs/projects/CXR-TB/RESULTS/nmessino/DEV/pTB_LungRegionExtractor/RESULTS/resultados_nuevos/cropped_clahe/LAT/TB1_1-5-7-LAT.jpg,train,1
77,pTBred,1-5-9,0.83,1,0,M,confirmed,1,1,1,yes,no,no,no,yes,no,/mnt/nfs/projects/CXR-TB/RESULTS/nmessino/DEV/pTB_LungRegionExtractor/RESULTS/resultados_nuevos/cropped_clahe/AP/TB1_1-5-9-AP.jpg,/mnt/nfs/projects/CXR-TB/RESULTS/nmessino/DEV/pTB_LungRegionExtractor/RESULTS/resultados_nuevos/cropped_clahe/LAT/TB1_1-5-9-LAT.jpg,-1
78,pTBred,1-50-1,3.42,2,0,M,confirmed,1,0,1,no,no,no,no,yes,no,/mnt/nfs/projects/CXR-TB/RESULTS/nmessino/DEV/pTB_LungRegionExtractor/RESULTS/resultados_nuevos/cropped_clahe/AP/TB1_1-50-1-AP.jpg,-1,train,1
79,pTBred,1-54-10,3.0,1,0,M,confirmed,1,1,1,yes,yes,no,no,yes,no,/mnt/nfs/projects/CXR-TB/RESULTS/nmessino/DEV/pTB_LungRegionExtractor/RESULTS/resultados_nuevos/cropped_clahe/AP/TB1_1-54-10-AP.jpg,-1,train,2
80,pTBred,1-54-11,3.08,2,0,F,confirmed,1,0,1,no,no,no,no,yes,no,/mnt/nfs/projects/CXR-TB/RESULTS/nmessino/DEV/pTB_LungRegionExtractor/RESULTS/resultados_nuevos/cropped_clahe/AP/TB1_1-54-11-AP.jpg,-1,train,2
81,pTBred,1-54-16,3.75,2,0,F,confirmed,1,1,1,no,no,no,no,yes,yes,/mnt/nfs/projects/CXR-TB/RESULTS/nmessino/DEV/pTB_LungRegionExtractor/RESULTS/resultados_nuevos/cropped_clahe/AP/TB1_1-54-16-AP.jpg,/mnt/nfs/projects/CXR-TB/RESULTS/nmessino/DEV/pTB_LungRegionExtractor/RESULTS/resultados_nuevos/cropped_clahe/LAT/TB1_1-54-16-LAT.jpg,-1
82,pTBred,1-54-5,3.83,2,0,M,confirmed,1,0,1,no,yes,no,no,no,unknown,/mnt/nfs/projects/CXR-TB/RESULTS/nmessino/DEV/pTB_LungRegionExtractor/RESULTS/resultados_nuevos/cropped_clahe/AP/TB1_1-54-5-AP.jpg,/mnt/nfs/projects/CXR-TB/RESULTS/nmessino/DEV/pTB_LungRegionExtractor/RESULTS/resultados_nuevos/cropped_clahe/LAT/TB1_1-54-5-LAT.jpg,train,4
83,pTBred,1-54-8,3.42,2,0,F,confirmed,1,0,1,no,no,no,no,no,no,/mnt/nfs/projects/CXR-TB/RESULTS/nmessino/DEV/pTB_LungRegionExtractor/RESULTS/resultados_nuevos/cropped_clahe/AP/TB1_1-54-8-AP.jpg,/mnt/nfs/projects/CXR-TB/RESULTS/nmessino/DEV/pTB_LungRegionExtractor/RESULTS/resultados_nuevos/cropped_clahe/LAT/TB1_1-54-8-LAT.jpg,train,0
84,pTBred,1-54-9,13.67,3,1,M,confirmed,1,1,1,yes,yes,no,no,no,no,/mnt/nfs/projects/CXR-TB/RESULTS/nmessino/DEV/pTB_LungRegionExtractor/RESULTS/resultados_nuevos/cropped_clahe/AP/TB1_1-54-9-AP.jpg,/mnt/nfs/projects/CXR-TB/RESULTS/nmessino/DEV/pTB_LungRegionExtractor/RESULTS/resultados_nuevos/cropped_clahe/LAT/TB1_1-54-9-LAT.jpg,train,1
85,pTBred,1-59-1,1.92,1,0,F,confirmed,1,0,1,no,no,no,no,yes,no,/mnt/nfs/projects/CXR-TB/RESULTS/nmessino/DEV/pTB_LungRegionExtractor/RESULTS/resultados_nuevos/cropped_clahe/AP/TB1_1-59-1-AP.jpg,-1,train,0
86,pTBred,1-59-10,6.83,2,1,M,confirmed,1,0,1,no,no,no,no,yes,no,/mnt/nfs/projects/CXR-TB/RESULTS/nmessino/DEV/pTB_LungRegionExtractor/RESULTS/resultados_nuevos/cropped_clahe/AP/TB1_1-59-10-AP.jpg,/mnt/nfs/projects/CXR-TB/RESULTS/nmessino/DEV/pTB_LungRegionExtractor/RESULTS/resultados_nuevos/cropped_clahe/LAT/TB1_1-59-10-LAT.jpg,train,2
87,pTBred,1-59-12,13.67,3,1,M,confirmed,1,1,1,yes,no,no,no,yes,no,/mnt/nfs/projects/CXR-TB/RESULTS/nmessino/DEV/pTB_LungRegionExtractor/RESULTS/resultados_nuevos/cropped_clahe/AP/TB1_1-59-12-AP.jpg,-1,-1
88,pTBred,1-59-2,0.92,1,0,M,confirmed,1,0,1,yes,yes,no,no,no,no,/mnt/nfs/projects/CXR-TB/RESULTS/nmessino/DEV/pTB_LungRegionExtractor/RESULTS/resultados_nuevos/cropped_clahe/AP/TB1_1-59-2-AP.jpg,-1,train,1
89,pTBred,1-59-3,0.83,1,0,M,confirmed,1,0,1,no,no,no,no,yes,no,/mnt/nfs/projects/CXR-TB/RESULTS/nmessino/DEV/pTB_LungRegionExtractor/RESULTS/resultados_nuevos/cropped_clahe/AP/TB1_1-59-3-AP.jpg,-1,train,0
90,pTBred,1-59-8,3.75,2,0,M,confirmed,1,0,1,no,no,no,no,yes,no,/mnt/nfs/projects/CXR-TB/RESULTS/nmessino/DEV/pTB_LungRegionExtractor/RESULTS/resultados_nuevos/cropped_clahe/AP/TB1_1-59-8-AP.jpg,/mnt/nfs/projects/CXR-TB/RESULTS/nmessino/DEV/pTB_LungRegionExtractor/RESULTS/resultados_nuevos/cropped_clahe/LAT/TB1_1-59-8-LAT.jpg,train,2
91,pTBred,1-60-4,1.67,1,0,M,confirmed,1,0,1,yes,yes,no,no,yes,no,/mnt/nfs/projects/CXR-TB/RESULTS/nmessino/DEV/pTB_LungRegionExtractor/RESULTS/resultados_nuevos/cropped_clahe/AP/TB1_1-60-4-AP.jpg,/mnt/nfs/projects/CXR-TB/RESULTS/nmessino/DEV/pTB_LungRegionExtractor/RESULTS/resultados_nuevos/cropped_clahe/LAT/TB1_1-60-4-LAT.jpg,-1
92,pTBred,1-60-5,1.25,1,0,F,confirmed,1,0,1,yes,yes,no,no,yes,no,/mnt/nfs/projects/CXR-TB/RESULTS/nmessino/DEV/pTB_LungRegionExtractor/RESULTS/resultados_nuevos/cropped_clahe/AP/TB1_1-60-5-AP.jpg,-1,train,0
93,pTBred,1-62-2,6.25,2,1,M,confirmed,1,0,1,yes,no,no,no,yes,no,/mnt/nfs/projects/CXR-TB/RESULTS/nmessino/DEV/pTB_LungRegionExtractor/RESULTS/resultados_nuevos/cropped_clahe/AP/TB1_1-62-2-AP.jpg,-1,-1
94,pTBred,1-64-5,3.5,2,0,F,confirmed,1,0,1,no,yes,no,no,yes,no,/mnt/nfs/projects/CXR-TB/RESULTS/nmessino/DEV/pTB_LungRegionExtractor/RESULTS/resultados_nuevos/cropped_clahe/AP/TB1_1-64-5-AP.jpg,/mnt/nfs/projects/CXR-TB/RESULTS/nmessino/DEV/pTB_LungRegionExtractor/RESULTS/resultados_nuevos/cropped_clahe/LAT/TB1_1-64-5-LAT.jpg,-1
95,pTBred,1-65-1,13.58,3,1,F,confirmed,1,1,1,no,no,no,no,no,yes,/mnt/nfs/projects/CXR-TB/RESULTS/nmessino/DEV/pTB_LungRegionExtractor/RESULTS/resultados_nuevos/cropped_clahe/AP/TB1_1-65-1-AP.jpg,-1,-1
96,pTBred,1-65-4,1.42,1,0,M,confirmed,1,0,1,yes,no,no,no,no,no,/mnt/nfs/projects/CXR-TB/RESULTS/nmessino/DEV/pTB_LungRegionExtractor/RESULTS/resultados_nuevos/cropped_clahe/AP/TB1_1-65-4-AP.jpg,/mnt/nfs/projects/CXR-TB/RESULTS/nmessino/DEV/pTB_LungRegionExtractor/RESULTS/resultados_nuevos/cropped_clahe/LAT/TB1_1-65-4-LAT.jpg,-1
97,pTBred,1-65-5,0.33,1,0,M,confirmed,1,1,1,no,no,no,no,no,no,/mnt/nfs/projects/CXR-TB/RESULTS/nmessino/DEV/pTB_LungRegionExtractor/RESULTS/resultados_nuevos/cropped_clahe/AP/TB1_1-65-5-AP.jpg,/mnt/nfs/projects/CXR-TB/RESULTS/nmessino/DEV/pTB_LungRegionExtractor/RESULTS/resultados_nuevos/cropped_clahe/LAT/TB1_1-65-5-LAT.jpg,train,2
98,pTBred,1-7-4,0.17,1,0,M,confirmed,1,0,1,yes,yes,no,no,yes,no,/mnt/nfs/projects/CXR-TB/RESULTS/nmessino/DEV/pTB_LungRegionExtractor/RESULTS/resultados_nuevos/cropped_clahe/AP/TB1_1-7-4-AP.jpg,-1,train,1
99,pTBred,1-7-5,16.92,3,1,M,confirmed,1,1,1,yes,yes,no,no,no,no,/mnt/nfs/projects/CXR-TB/RESULTS/nmessino/DEV/pTB_LungRegionExtractor/RESULTS/resultados_nuevos/cropped_clahe/AP/TB1_1-7-5-AP.jpg,/mnt/nfs/projects/CXR-TB/RESULTS/nmessino/DEV/pTB_LungRegionExtractor/RESULTS/resultados_nuevos/cropped_clahe/LAT/TB1_1-7-5-LAT.jpg,train,1
100,pTBred,1-7-7,12.83,3,1,F,confirmed,1,1,1,yes,no,no,no,no,unknown,/mnt/nfs/projects/CXR-TB/RESULTS/nmessino/DEV/pTB_LungRegionExtractor/RESULTS/resultados_nuevos/cropped_clahe/AP/TB1_1-7-7-AP.jpg,/mnt/nfs/projects/CXR-TB/RESULTS/nmessino/DEV/pTB_LungRegionExtractor/RESULTS/resultados_nuevos/cropped_clahe/LAT/TB1_1-7-7-LAT.jpg,train,2
101,pTBred,1-7-9,13.83,3,1,F,confirmed,1,1,1,yes,yes,no,no,no,no,/mnt/nfs/projects/CXR-TB/RESULTS/nmessino/DEV/pTB_LungRegionExtractor/RESULTS/resultados_nuevos/cropped_clahe/AP/TB1_1-7-9-AP.jpg,/mnt/nfs/projects/CXR-TB/RESULTS/nmessino/DEV/pTB_LungRegionExtractor/RESULTS/resultados_nuevos/cropped_clahe/LAT/TB1_1-7-9-LAT.jpg,train,1
102,pTBred,1-8-4,7.58,2,1,M,confirmed,1,0,1,yes,yes,no,no,yes,no,/mnt/nfs/projects/CXR-TB/RESULTS/nmessino/DEV/pTB_LungRegionExtractor/RESULTS/resultados_nuevos/cropped_clahe/AP/TB1_1-8-4-AP.jpg,/mnt/nfs/projects/CXR-TB/RESULTS/nmessino/DEV/pTB_LungRegionExtractor/RESULTS/resultados_nuevos/cropped_clahe/LAT/TB1_1-8-4-LAT.jpg,train,3
103,pTBred,1-8-5,2.0,1,0,M,confirmed,1,1,1,no,no,no,no,no,yes,/mnt/nfs/projects/CXR-TB/RESULTS/nmessino/DEV/pTB_LungRegionExtractor/RESULTS/resultados_nuevos/cropped_clahe/AP/TB1_1-8-5-AP.jpg,/mnt/nfs/projects/CXR-TB/RESULTS/nmessino/DEV/pTB_LungRegionExtractor/RESULTS/resultados_nuevos/cropped_clahe/LAT/TB1_1-8-5-LAT.jpg,-1
104,pTBred,1-9-11,7.25,2,1,M,confirmed,1,0,1,no,no,no,no,yes,yes,/mnt/nfs/projects/CXR-TB/RESULTS/nmessino/DEV/pTB_LungRegionExtractor/RESULTS/resultados_nuevos/cropped_clahe/AP/TB1_1-9-11-AP.jpg,/mnt/nfs/projects/CXR-TB/RESULTS/nmessino/DEV/pTB_LungRegionExtractor/RESULTS/resultados_nuevos/cropped_clahe/LAT/TB1_1-9-11-LAT.jpg,train,4
105,pTBred,1-9-14,0.25,1,0,F,confirmed,1,1,1,yes,yes,yes,no,yes,no,/mnt/nfs/projects/CXR-TB/RESULTS/nmessino/DEV/pTB_LungRegionExtractor/RESULTS/resultados_nuevos/cropped_clahe/AP/TB1_1-9-14-AP.jpg,/mnt/nfs/projects/CXR-TB/RESULTS/nmessino/DEV/pTB_LungRegionExtractor/RESULTS/resultados_nuevos/cropped_clahe/LAT/TB1_1-9-14-LAT.jpg,train,3
106,pTBred,1-9-4,12.58,3,1,F,confirmed,1,1,1,no,no,no,no,yes,no,/mnt/nfs/projects/CXR-TB/RESULTS/nmessino/DEV/pTB_LungRegionExtractor/RESULTS/resultados_nuevos/cropped_clahe/AP/TB1_1-9-4-AP.jpg,/mnt/nfs/projects/CXR-TB/RESULTS/nmessino/DEV/pTB_LungRegionExtractor/RESULTS/resultados_nuevos/cropped_clahe/LAT/TB1_1-9-4-LAT.jpg,train,4
107,pTBred,1-9-5,3.58,2,0,F,confirmed,1,1,1,no,no,no,no,yes,no,/mnt/nfs/projects/CXR-TB/RESULTS/nmessino/DEV/pTB_LungRegionExtractor/RESULTS/resultados_nuevos/cropped_clahe/AP/TB1_1-9-5-AP.jpg,/mnt/nfs/projects/CXR-TB/RESULTS/nmessino/DEV/pTB_LungRegionExtractor/RESULTS/resultados_nuevos/cropped_clahe/LAT/TB1_1-9-5-LAT.jpg,train,1
108,pTBred,1-9-8,13.33,3,1,F,confirmed,1,1,1,yes,yes,no,no,no,yes,/mnt/nfs/projects/CXR-TB/RESULTS/nmessino/DEV/pTB_LungRegionExtractor/RESULTS/resultados_nuevos/cropped_clahe/AP/TB1_1-9-8-AP.jpg,/mnt/nfs/projects/CXR-TB/RESULTS/nmessino/DEV/pTB_LungRegionExtractor/RESULTS/resultados_nuevos/cropped_clahe/LAT/TB1_1-9-8-LAT.jpg,train,2
109,pTBred,1-9-9,3.0,1,0,F,confirmed,1,1,1,yes,yes,no,no,yes,no,/mnt/nfs/projects/CXR-TB/RESULTS/nmessino/DEV/pTB_LungRegionExtractor/RESULTS/resultados_nuevos/cropped_clahe/AP/TB1_1-9-9-AP.jpg,/mnt/nfs/projects/CXR-TB/RESULTS/nmessino/DEV/pTB_LungRegionExtractor/RESULTS/resultados_nuevos/cropped_clahe/LAT/TB1_1-9-9-LAT.jpg,-1
110,pTBred,2-10-11,14.25,3,1,M,probable,1,0,1,yes,no,no,no,no,no,/mnt/nfs/projects/CXR-TB/RESULTS/nmessino/DEV/pTB_LungRegionExtractor/RESULTS/resultados_nuevos/cropped_clahe/AP/TB1_2-10-11-AP.jpg,-1,-1
111,pTBred,2-10-6,6.5,2,1,M,probable,1,1,1,yes,no,no,no,yes,no,/mnt/nfs/projects/CXR-TB/RESULTS/nmessino/DEV/pTB_LungRegionExtractor/RESULTS/resultados_nuevos/cropped_clahe/AP/TB1_2-10-6-AP.jpg,-1,-1
112,pTBred,2-11-2,16.25,3,1,F,probable,1,0,1,no,no,no,no,yes,yes,/mnt/nfs/projects/CXR-TB/RESULTS/nmessino/DEV/pTB_LungRegionExtractor/RESULTS/resultados_nuevos/cropped_clahe/AP/TB1_2-11-2-AP.jpg,/mnt/nfs/projects/CXR-TB/RESULTS/nmessino/DEV/pTB_LungRegionExtractor/RESULTS/resultados_nuevos/cropped_clahe/LAT/TB1_2-11-2-LAT.jpg,train,4
113,pTBred,2-12-5,5.75,2,1,F,probable,1,1,1,yes,yes,no,no,yes,unknown,/mnt/nfs/projects/CXR-TB/RESULTS/nmessino/DEV/pTB_LungRegionExtractor/RESULTS/resultados_nuevos/cropped_clahe/AP/TB1_2-12-5-AP.jpg,-1,-1
114,pTBred,2-13-5,11.17,2,1,F,probable,1,0,1,no,no,no,no,yes,no,/mnt/nfs/projects/CXR-TB/RESULTS/nmessino/DEV/pTB_LungRegionExtractor/RESULTS/resultados_nuevos/cropped_clahe/AP/TB1_2-13-5-AP.jpg,/mnt/nfs/projects/CXR-TB/RESULTS/nmessino/DEV/pTB_LungRegionExtractor/RESULTS/resultados_nuevos/cropped_clahe/LAT/TB1_2-13-5-LAT.jpg,train,2
115,pTBred,2-13-8,12.42,3,1,M,probable,1,1,1,no,yes,no,yes,no,yes,/mnt/nfs/projects/CXR-TB/RESULTS/nmessino/DEV/pTB_LungRegionExtractor/RESULTS/resultados_nuevos/cropped_clahe/AP/TB1_2-13-8-AP.jpg,/mnt/nfs/projects/CXR-TB/RESULTS/nmessino/DEV/pTB_LungRegionExtractor/RESULTS/resultados_nuevos/cropped_clahe/LAT/TB1_2-13-8-LAT.jpg,train,1
116,pTBred,2-148-2,1.58,1,0,F,probable,1,0,1,yes,no,no,no,yes,no,/mnt/nfs/projects/CXR-TB/RESULTS/nmessino/DEV/pTB_LungRegionExtractor/RESULTS/resultados_nuevos/cropped_clahe/AP/TB1_2-148-2-AP.jpg,/mnt/nfs/projects/CXR-TB/RESULTS/nmessino/DEV/pTB_LungRegionExtractor/RESULTS/resultados_nuevos/cropped_clahe/LAT/TB1_2-148-2-LAT.jpg,train,3
117,pTBred,2-148-6,3.0,1,0,M,probable,1,0,1,yes,no,no,no,yes,unknown,/mnt/nfs/projects/CXR-TB/RESULTS/nmessino/DEV/pTB_LungRegionExtractor/RESULTS/resultados_nuevos/cropped_clahe/AP/TB1_2-148-6-AP.jpg,-1,train,4
118,pTBred,2-148-8,5.42,2,1,M,probable,1,1,1,yes,yes,no,no,no,no,/mnt/nfs/projects/CXR-TB/RESULTS/nmessino/DEV/pTB_LungRegionExtractor/RESULTS/resultados_nuevos/cropped_clahe/AP/TB1_2-148-8-AP.jpg,-1,-1
119,pTBred,2-2-17,11.5,2,1,F,probable,1,0,1,yes,no,no,no,no,unknown,/mnt/nfs/projects/CXR-TB/RESULTS/nmessino/DEV/pTB_LungRegionExtractor/RESULTS/resultados_nuevos/cropped_clahe/AP/TB1_2-2-17-AP.jpg,-1,-1
120,pTBred,2-2-19,15.08,3,1,M,probable,1,0,1,yes,yes,no,no,no,no,/mnt/nfs/projects/CXR-TB/RESULTS/nmessino/DEV/pTB_LungRegionExtractor/RESULTS/resultados_nuevos/cropped_clahe/AP/TB1_2-2-19-AP.jpg,-1,-1
121,pTBred,2-2-20,2.5,1,0,F,probable,1,0,1,no,no,no,no,yes,no,/mnt/nfs/projects/CXR-TB/RESULTS/nmessino/DEV/pTB_LungRegionExtractor/RESULTS/resultados_nuevos/cropped_clahe/AP/TB1_2-2-20-AP.jpg,-1,train,1
122,pTBred,2-2-4,2.42,1,0,M,probable,1,0,1,no,no,no,no,yes,no,/mnt/nfs/projects/CXR-TB/RESULTS/nmessino/DEV/pTB_LungRegionExtractor/RESULTS/resultados_nuevos/cropped_clahe/AP/TB1_2-2-4-AP.jpg,-1,train,2
123,pTBred,2-23-1,13.58,3,1,M,probable,1,0,1,yes,no,no,no,yes,no,/mnt/nfs/projects/CXR-TB/RESULTS/nmessino/DEV/pTB_LungRegionExtractor/RESULTS/resultados_nuevos/cropped_clahe/AP/TB1_2-23-1-AP.jpg,-1,-1
124,pTBred,2-23-2,9.08,2,1,F,probable,1,0,1,no,no,no,no,yes,no,/mnt/nfs/projects/CXR-TB/RESULTS/nmessino/DEV/pTB_LungRegionExtractor/RESULTS/resultados_nuevos/cropped_clahe/AP/TB1_2-23-2-AP.jpg,-1,train,1
125,pTBred,2-3-10,3.92,2,0,M,probable,1,1,1,no,no,no,no,yes,no,/mnt/nfs/projects/CXR-TB/RESULTS/nmessino/DEV/pTB_LungRegionExtractor/RESULTS/resultados_nuevos/cropped_clahe/AP/TB1_2-3-10-AP.jpg,/mnt/nfs/projects/CXR-TB/RESULTS/nmessino/DEV/pTB_LungRegionExtractor/RESULTS/resultados_nuevos/cropped_clahe/LAT/TB1_2-3-10-LAT.jpg,train,2
126,pTBred,2-3-11,3.67,2,0,M,probable,1,1,1,yes,no,no,no,yes,no,/mnt/nfs/projects/CXR-TB/RESULTS/nmessino/DEV/pTB_LungRegionExtractor/RESULTS/resultados_nuevos/cropped_clahe/AP/TB1_2-3-11-AP.jpg,/mnt/nfs/projects/CXR-TB/RESULTS/nmessino/DEV/pTB_LungRegionExtractor/RESULTS/resultados_nuevos/cropped_clahe/LAT/TB1_2-3-11-LAT.jpg,-1
127,pTBred,2-3-12,3.25,2,0,M,probable,1,1,1,yes,no,no,no,yes,no,/mnt/nfs/projects/CXR-TB/RESULTS/nmessino/DEV/pTB_LungRegionExtractor/RESULTS/resultados_nuevos/cropped_clahe/AP/TB1_2-3-12-AP.jpg,/mnt/nfs/projects/CXR-TB/RESULTS/nmessino/DEV/pTB_LungRegionExtractor/RESULTS/resultados_nuevos/cropped_clahe/LAT/TB1_2-3-12-LAT.jpg,-1
128,pTBred,2-3-15,4.67,2,0,F,probable,1,0,1,no,no,no,no,yes,no,/mnt/nfs/projects/CXR-TB/RESULTS/nmessino/DEV/pTB_LungRegionExtractor/RESULTS/resultados_nuevos/cropped_clahe/AP/TB1_2-3-15-AP.jpg,/mnt/nfs/projects/CXR-TB/RESULTS/nmessino/DEV/pTB_LungRegionExtractor/RESULTS/resultados_nuevos/cropped_clahe/LAT/TB1_2-3-15-LAT.jpg,train,4
129,pTBred,2-3-17,5.83,2,1,M,probable,1,0,1,no,no,no,no,yes,no,/mnt/nfs/projects/CXR-TB/RESULTS/nmessino/DEV/pTB_LungRegionExtractor/RESULTS/resultados_nuevos/cropped_clahe/AP/TB1_2-3-17-AP.jpg,-1,-1
130,pTBred,2-3-24,5.67,2,1,F,probable,1,0,1,no,no,no,no,yes,no,/mnt/nfs/projects/CXR-TB/RESULTS/nmessino/DEV/pTB_LungRegionExtractor/RESULTS/resultados_nuevos/cropped_clahe/AP/TB1_2-3-24-AP.jpg,-1,-1
131,pTBred,2-3-28,5.25,2,1,F,probable,1,0,1,yes,no,no,no,yes,no,/mnt/nfs/projects/CXR-TB/RESULTS/nmessino/DEV/pTB_LungRegionExtractor/RESULTS/resultados_nuevos/cropped_clahe/AP/TB1_2-3-28-AP.jpg,-1,-1
132,pTBred,2-3-33,4.67,2,0,F,probable,1,1,1,no,no,no,no,yes,no,/mnt/nfs/projects/CXR-TB/RESULTS/nmessino/DEV/pTB_LungRegionExtractor/RESULTS/resultados_nuevos/cropped_clahe/AP/TB1_2-3-33-AP.jpg,/mnt/nfs/projects/CXR-TB/RESULTS/nmessino/DEV/pTB_LungRegionExtractor/RESULTS/resultados_nuevos/cropped_clahe/LAT/TB1_2-3-33-LAT.jpg,-1
133,pTBred,2-3-34,5.58,2,1,F,probable,1,0,1,yes,no,no,no,yes,no,/mnt/nfs/projects/CXR-TB/RESULTS/nmessino/DEV/pTB_LungRegionExtractor/RESULTS/resultados_nuevos/cropped_clahe/AP/TB1_2-3-34-AP.jpg,/mnt/nfs/projects/CXR-TB/RESULTS/nmessino/DEV/pTB_LungRegionExtractor/RESULTS/resultados_nuevos/cropped_clahe/LAT/TB1_2-3-34-LAT.jpg,train,4
134,pTBred,2-3-35,5.17,2,1,M,probable,1,1,1,no,no,no,no,yes,no,/mnt/nfs/projects/CXR-TB/RESULTS/nmessino/DEV/pTB_LungRegionExtractor/RESULTS/resultados_nuevos/cropped_clahe/AP/TB1_2-3-35-AP.jpg,/mnt/nfs/projects/CXR-TB/RESULTS/nmessino/DEV/pTB_LungRegionExtractor/RESULTS/resultados_nuevos/cropped_clahe/LAT/TB1_2-3-35-LAT.jpg,train,0
135,pTBred,2-3-39,3.75,2,0,M,probable,1,1,1,yes,yes,no,no,yes,no,/mnt/nfs/projects/CXR-TB/RESULTS/nmessino/DEV/pTB_LungRegionExtractor/RESULTS/resultados_nuevos/cropped_clahe/AP/TB1_2-3-39-AP.jpg,/mnt/nfs/projects/CXR-TB/RESULTS/nmessino/DEV/pTB_LungRegionExtractor/RESULTS/resultados_nuevos/cropped_clahe/LAT/TB1_2-3-39-LAT.jpg,train,1
136,pTBred,2-3-40,2.42,1,0,F,probable,1,0,1,no,no,no,no,no,no,/mnt/nfs/projects/CXR-TB/RESULTS/nmessino/DEV/pTB_LungRegionExtractor/RESULTS/resultados_nuevos/cropped_clahe/AP/TB1_2-3-40-AP.jpg,-1,train,2
137,pTBred,2-3-44,7.67,2,1,M,probable,1,0,1,yes,yes,no,no,no,no,/mnt/nfs/projects/CXR-TB/RESULTS/nmessino/DEV/pTB_LungRegionExtractor/RESULTS/resultados_nuevos/cropped_clahe/AP/TB1_2-3-44-AP.jpg,-1,train,4
138,pTBred,2-3-50,5.08,2,1,F,probable,1,0,1,no,no,no,no,yes,no,/mnt/nfs/projects/CXR-TB/RESULTS/nmessino/DEV/pTB_LungRegionExtractor/RESULTS/resultados_nuevos/cropped_clahe/AP/TB1_2-3-50-AP.jpg,-1,-1
139,pTBred,2-3-8,3.08,2,0,M,probable,1,0,1,yes,yes,no,no,yes,no,/mnt/nfs/projects/CXR-TB/RESULTS/nmessino/DEV/pTB_LungRegionExtractor/RESULTS/resultados_nuevos/cropped_clahe/AP/TB1_2-3-8-AP.jpg,/mnt/nfs/projects/CXR-TB/RESULTS/nmessino/DEV/pTB_LungRegionExtractor/RESULTS/resultados_nuevos/cropped_clahe/LAT/TB1_2-3-8-LAT.jpg,train,4
140,pTBred,2-3-9,3.58,2,0,M,probable,1,1,1,yes,yes,no,no,yes,no,/mnt/nfs/projects/CXR-TB/RESULTS/nmessino/DEV/pTB_LungRegionExtractor/RESULTS/resultados_nuevos/cropped_clahe/AP/TB1_2-3-9-AP.jpg,/mnt/nfs/projects/CXR-TB/RESULTS/nmessino/DEV/pTB_LungRegionExtractor/RESULTS/resultados_nuevos/cropped_clahe/LAT/TB1_2-3-9-LAT.jpg,-1
141,pTBred,2-30-1,2.25,1,0,F,probable,1,0,1,no,no,no,no,yes,no,/mnt/nfs/projects/CXR-TB/RESULTS/nmessino/DEV/pTB_LungRegionExtractor/RESULTS/resultados_nuevos/cropped_clahe/AP/TB1_2-30-1-AP.jpg,-1,train,0
142,pTBred,2-30-2,11.0,2,1,F,probable,1,1,1,no,no,no,no,no,no,/mnt/nfs/projects/CXR-TB/RESULTS/nmessino/DEV/pTB_LungRegionExtractor/RESULTS/resultados_nuevos/cropped_clahe/AP/TB1_2-30-2-AP.jpg,/mnt/nfs/projects/CXR-TB/RESULTS/nmessino/DEV/pTB_LungRegionExtractor/RESULTS/resultados_nuevos/cropped_clahe/LAT/TB1_2-30-2-LAT.jpg,train,4
143,pTBred,2-31-10,5.5,2,1,F,probable,1,1,1,no,no,no,no,no,unknown,/mnt/nfs/projects/CXR-TB/RESULTS/nmessino/DEV/pTB_LungRegionExtractor/RESULTS/resultados_nuevos/cropped_clahe/AP/TB1_2-31-10-AP.jpg,-1,train,2
144,pTBred,2-31-11,7.08,2,1,F,probable,1,0,1,no,no,no,no,no,yes,/mnt/nfs/projects/CXR-TB/RESULTS/nmessino/DEV/pTB_LungRegionExtractor/RESULTS/resultados_nuevos/cropped_clahe/AP/TB1_2-31-11-AP.jpg,-1,-1
145,pTBred,2-31-12,8.58,2,1,F,probable,1,0,1,no,no,no,no,no,yes,/mnt/nfs/projects/CXR-TB/RESULTS/nmessino/DEV/pTB_LungRegionExtractor/RESULTS/resultados_nuevos/cropped_clahe/AP/TB1_2-31-12-AP.jpg,-1,-1
146,pTBred,2-31-16,6.17,2,1,F,probable,1,1,1,no,no,no,no,yes,yes,/mnt/nfs/projects/CXR-TB/RESULTS/nmessino/DEV/pTB_LungRegionExtractor/RESULTS/resultados_nuevos/cropped_clahe/AP/TB1_2-31-16-AP.jpg,-1,train,1
147,pTBred,2-31-5,6.0,2,1,M,probable,1,1,1,yes,no,no,no,yes,no,/mnt/nfs/projects/CXR-TB/RESULTS/nmessino/DEV/pTB_LungRegionExtractor/RESULTS/resultados_nuevos/cropped_clahe/AP/TB1_2-31-5-AP.jpg,-1,train,4
148,pTBred,2-31-8,3.17,2,0,M,probable,1,0,1,yes,no,no,no,yes,no,/mnt/nfs/projects/CXR-TB/RESULTS/nmessino/DEV/pTB_LungRegionExtractor/RESULTS/resultados_nuevos/cropped_clahe/AP/TB1_2-31-8-AP.jpg,-1,train,3
149,pTBred,2-31-9,3.17,2,0,M,probable,1,1,1,yes,no,no,no,yes,no,/mnt/nfs/projects/CXR-TB/RESULTS/nmessino/DEV/pTB_LungRegionExtractor/RESULTS/resultados_nuevos/cropped_clahe/AP/TB1_2-31-9-AP.jpg,-1,train,1
150,pTBred,2-35-10,14.42,3,1,M,probable,1,0,1,yes,no,no,no,no,no,/mnt/nfs/projects/CXR-TB/RESULTS/nmessino/DEV/pTB_LungRegionExtractor/RESULTS/resultados_nuevos/cropped_clahe/AP/TB1_2-35-10-AP.jpg,-1,-1
151,pTBred,2-35-13,3.0,1,0,M,probable,1,0,1,no,no,no,no,yes,no,/mnt/nfs/projects/CXR-TB/RESULTS/nmessino/DEV/pTB_LungRegionExtractor/RESULTS/resultados_nuevos/cropped_clahe/AP/TB1_2-35-13-AP.jpg,/mnt/nfs/projects/CXR-TB/RESULTS/nmessino/DEV/pTB_LungRegionExtractor/RESULTS/resultados_nuevos/cropped_clahe/LAT/TB1_2-35-13-LAT.jpg,-1
152,pTBred,2-35-15,14.75,3,1,M,probable,1,0,1,yes,no,no,no,no,unknown,/mnt/nfs/projects/CXR-TB/RESULTS/nmessino/DEV/pTB_LungRegionExtractor/RESULTS/resultados_nuevos/cropped_clahe/AP/TB1_2-35-15-AP.jpg,-1,train,2
153,pTBred,2-35-16,10.17,2,1,M,probable,1,0,1,no,no,no,no,yes,no,/mnt/nfs/projects/CXR-TB/RESULTS/nmessino/DEV/pTB_LungRegionExtractor/RESULTS/resultados_nuevos/cropped_clahe/AP/TB1_2-35-16-AP.jpg,/mnt/nfs/projects/CXR-TB/RESULTS/nmessino/DEV/pTB_LungRegionExtractor/RESULTS/resultados_nuevos/cropped_clahe/LAT/TB1_2-35-16-LAT.jpg,train,3
154,pTBred,2-35-24,0.75,1,0,M,probable,1,0,1,yes,no,no,no,yes,no,/mnt/nfs/projects/CXR-TB/RESULTS/nmessino/DEV/pTB_LungRegionExtractor/RESULTS/resultados_nuevos/cropped_clahe/AP/TB1_2-35-24-AP.jpg,/mnt/nfs/projects/CXR-TB/RESULTS/nmessino/DEV/pTB_LungRegionExtractor/RESULTS/resultados_nuevos/cropped_clahe/LAT/TB1_2-35-24-LAT.jpg,-1
155,pTBred,2-35-28,8.67,2,1,M,probable,1,0,1,no,no,no,no,yes,no,/mnt/nfs/projects/CXR-TB/RESULTS/nmessino/DEV/pTB_LungRegionExtractor/RESULTS/resultados_nuevos/cropped_clahe/AP/TB1_2-35-28-AP.jpg,/mnt/nfs/projects/CXR-TB/RESULTS/nmessino/DEV/pTB_LungRegionExtractor/RESULTS/resultados_nuevos/cropped_clahe/LAT/TB1_2-35-28-LAT.jpg,train,4
156,pTBred,2-35-3,13.67,3,1,F,probable,1,1,1,yes,yes,no,no,no,no,/mnt/nfs/projects/CXR-TB/RESULTS/nmessino/DEV/pTB_LungRegionExtractor/RESULTS/resultados_nuevos/cropped_clahe/AP/TB1_2-35-3-AP.jpg,/mnt/nfs/projects/CXR-TB/RESULTS/nmessino/DEV/pTB_LungRegionExtractor/RESULTS/resultados_nuevos/cropped_clahe/LAT/TB1_2-35-3-LAT.jpg,train,0
157,pTBred,2-35-4,12.58,3,1,M,probable,1,0,1,yes,no,no,no,yes,no,/mnt/nfs/projects/CXR-TB/RESULTS/nmessino/DEV/pTB_LungRegionExtractor/RESULTS/resultados_nuevos/cropped_clahe/AP/TB1_2-35-4-AP.jpg,/mnt/nfs/projects/CXR-TB/RESULTS/nmessino/DEV/pTB_LungRegionExtractor/RESULTS/resultados_nuevos/cropped_clahe/LAT/TB1_2-35-4-LAT.jpg,train,4
158,pTBred,2-35-7,3.5,2,0,F,probable,1,1,1,no,no,no,no,yes,no,/mnt/nfs/projects/CXR-TB/RESULTS/nmessino/DEV/pTB_LungRegionExtractor/RESULTS/resultados_nuevos/cropped_clahe/AP/TB1_2-35-7-AP.jpg,-1,train,4
159,pTBred,2-37-7,6.25,2,1,F,probable,1,1,1,no,no,no,no,yes,no,/mnt/nfs/projects/CXR-TB/RESULTS/nmessino/DEV/pTB_LungRegionExtractor/RESULTS/resultados_nuevos/cropped_clahe/AP/TB1_2-37-7-AP.jpg,/mnt/nfs/projects/CXR-TB/RESULTS/nmessino/DEV/pTB_LungRegionExtractor/RESULTS/resultados_nuevos/cropped_clahe/LAT/TB1_2-37-7-LAT.jpg,train,2
160,pTBred,2-38-10,12.83,3,1,M,probable,1,0,1,no,yes,no,no,no,no,/mnt/nfs/projects/CXR-TB/RESULTS/nmessino/DEV/pTB_LungRegionExtractor/RESULTS/resultados_nuevos/cropped_clahe/AP/TB1_2-38-10-AP.jpg,-1,train,2
161,pTBred,2-38-16,9.33,2,1,M,probable,1,1,1,no,yes,no,no,no,no,/mnt/nfs/projects/CXR-TB/RESULTS/nmessino/DEV/pTB_LungRegionExtractor/RESULTS/resultados_nuevos/cropped_clahe/AP/TB1_2-38-16-AP.jpg,-1,-1
162,pTBred,2-38-2,1.92,1,0,F,probable,1,0,1,yes,yes,no,no,yes,no,/mnt/nfs/projects/CXR-TB/RESULTS/nmessino/DEV/pTB_LungRegionExtractor/RESULTS/resultados_nuevos/cropped_clahe/AP/TB1_2-38-2-AP.jpg,-1,train,2
163,pTBred,2-38-22,4.25,2,0,M,probable,1,1,1,no,no,no,no,yes,no,/mnt/nfs/projects/CXR-TB/RESULTS/nmessino/DEV/pTB_LungRegionExtractor/RESULTS/resultados_nuevos/cropped_clahe/AP/TB1_2-38-22-AP.jpg,-1,train,0
164,pTBred,2-38-3,7.67,2,1,F,probable,1,1,1,no,yes,no,no,no,no,/mnt/nfs/projects/CXR-TB/RESULTS/nmessino/DEV/pTB_LungRegionExtractor/RESULTS/resultados_nuevos/cropped_clahe/AP/TB1_2-38-3-AP.jpg,-1,train,4
165,pTBred,2-38-4,0.75,1,0,M,probable,1,0,1,yes,yes,no,no,no,no,/mnt/nfs/projects/CXR-TB/RESULTS/nmessino/DEV/pTB_LungRegionExtractor/RESULTS/resultados_nuevos/cropped_clahe/AP/TB1_2-38-4-AP.jpg,-1,train,3
166,pTBred,2-38-6,2.08,1,0,F,probable,1,1,1,yes,yes,no,no,no,no,/mnt/nfs/projects/CXR-TB/RESULTS/nmessino/DEV/pTB_LungRegionExtractor/RESULTS/resultados_nuevos/cropped_clahe/AP/TB1_2-38-6-AP.jpg,-1,train,4
167,pTBred,2-4-2,7.17,2,1,M,probable,1,1,1,yes,yes,no,no,no,no,/mnt/nfs/projects/CXR-TB/RESULTS/nmessino/DEV/pTB_LungRegionExtractor/RESULTS/resultados_nuevos/cropped_clahe/AP/TB1_2-4-2-AP.jpg,-1,-1
168,pTBred,2-4-3,9.0,2,1,M,probable,1,1,1,no,yes,yes,no,no,yes,/mnt/nfs/projects/CXR-TB/RESULTS/nmessino/DEV/pTB_LungRegionExtractor/RESULTS/resultados_nuevos/cropped_clahe/AP/TB1_2-4-3-AP.jpg,-1,train,1
169,pTBred,2-4-7,3.75,2,0,M,probable,1,1,1,no,no,no,no,yes,no,/mnt/nfs/projects/CXR-TB/RESULTS/nmessino/DEV/pTB_LungRegionExtractor/RESULTS/resultados_nuevos/cropped_clahe/AP/TB1_2-4-7-AP.jpg,-1,train,3
170,pTBred,2-40-1,1.83,1,0,M,probable,1,0,1,yes,no,no,no,yes,no,/mnt/nfs/projects/CXR-TB/RESULTS/nmessino/DEV/pTB_LungRegionExtractor/RESULTS/resultados_nuevos/cropped_clahe/AP/TB1_2-40-1-AP.jpg,/mnt/nfs/projects/CXR-TB/RESULTS/nmessino/DEV/pTB_LungRegionExtractor/RESULTS/resultados_nuevos/cropped_clahe/LAT/TB1_2-40-1-LAT.jpg,-1
171,pTBred,2-40-10,11.58,2,1,F,probable,1,0,1,yes,yes,no,no,no,no,/mnt/nfs/projects/CXR-TB/RESULTS/nmessino/DEV/pTB_LungRegionExtractor/RESULTS/resultados_nuevos/cropped_clahe/AP/TB1_2-40-10-AP.jpg,-1,-1
172,pTBred,2-40-11,3.83,2,0,F,probable,1,0,1,yes,no,no,no,yes,no,/mnt/nfs/projects/CXR-TB/RESULTS/nmessino/DEV/pTB_LungRegionExtractor/RESULTS/resultados_nuevos/cropped_clahe/AP/TB1_2-40-11-AP.jpg,/mnt/nfs/projects/CXR-TB/RESULTS/nmessino/DEV/pTB_LungRegionExtractor/RESULTS/resultados_nuevos/cropped_clahe/LAT/TB1_2-40-11-LAT.jpg,train,4
173,pTBred,2-40-12,8.08,2,1,M,probable,1,1,1,yes,yes,no,no,no,no,/mnt/nfs/projects/CXR-TB/RESULTS/nmessino/DEV/pTB_LungRegionExtractor/RESULTS/resultados_nuevos/cropped_clahe/AP/TB1_2-40-12-AP.jpg,/mnt/nfs/projects/CXR-TB/RESULTS/nmessino/DEV/pTB_LungRegionExtractor/RESULTS/resultados_nuevos/cropped_clahe/LAT/TB1_2-40-12-LAT.jpg,train,3
174,pTBred,2-40-13,15.67,3,1,M,probable,1,0,1,no,no,no,no,yes,yes,/mnt/nfs/projects/CXR-TB/RESULTS/nmessino/DEV/pTB_LungRegionExtractor/RESULTS/resultados_nuevos/cropped_clahe/AP/TB1_2-40-13-AP.jpg,/mnt/nfs/projects/CXR-TB/RESULTS/nmessino/DEV/pTB_LungRegionExtractor/RESULTS/resultados_nuevos/cropped_clahe/LAT/TB1_2-40-13-LAT.jpg,train,3
175,pTBred,2-40-14,6.75,2,1,M,probable,1,1,1,yes,yes,no,no,no,no,/mnt/nfs/projects/CXR-TB/RESULTS/nmessino/DEV/pTB_LungRegionExtractor/RESULTS/resultados_nuevos/cropped_clahe/AP/TB1_2-40-14-AP.jpg,/mnt/nfs/projects/CXR-TB/RESULTS/nmessino/DEV/pTB_LungRegionExtractor/RESULTS/resultados_nuevos/cropped_clahe/LAT/TB1_2-40-14-LAT.jpg,train,2
176,pTBred,2-40-2,3.25,2,0,F,probable,1,0,1,no,yes,no,no,no,yes,/mnt/nfs/projects/CXR-TB/RESULTS/nmessino/DEV/pTB_LungRegionExtractor/RESULTS/resultados_nuevos/cropped_clahe/AP/TB1_2-40-2-AP.jpg,/mnt/nfs/projects/CXR-TB/RESULTS/nmessino/DEV/pTB_LungRegionExtractor/RESULTS/resultados_nuevos/cropped_clahe/LAT/TB1_2-40-2-LAT.jpg,-1
177,pTBred,2-40-4,11.25,2,1,F,probable,1,1,1,no,no,no,no,yes,yes,/mnt/nfs/projects/CXR-TB/RESULTS/nmessino/DEV/pTB_LungRegionExtractor/RESULTS/resultados_nuevos/cropped_clahe/AP/TB1_2-40-4-AP.jpg,/mnt/nfs/projects/CXR-TB/RESULTS/nmessino/DEV/pTB_LungRegionExtractor/RESULTS/resultados_nuevos/cropped_clahe/LAT/TB1_2-40-4-LAT.jpg,train,2
178,pTBred,2-40-5,9.33,2,1,F,probable,1,1,1,no,no,no,no,yes,no,/mnt/nfs/projects/CXR-TB/RESULTS/nmessino/DEV/pTB_LungRegionExtractor/RESULTS/resultados_nuevos/cropped_clahe/AP/TB1_2-40-5-AP.jpg,/mnt/nfs/projects/CXR-TB/RESULTS/nmessino/DEV/pTB_LungRegionExtractor/RESULTS/resultados_nuevos/cropped_clahe/LAT/TB1_2-40-5-LAT.jpg,train,3
179,pTBred,2-40-6,2.83,1,0,M,probable,1,1,1,yes,yes,no,no,yes,no,/mnt/nfs/projects/CXR-TB/RESULTS/nmessino/DEV/pTB_LungRegionExtractor/RESULTS/resultados_nuevos/cropped_clahe/AP/TB1_2-40-6-AP.jpg,/mnt/nfs/projects/CXR-TB/RESULTS/nmessino/DEV/pTB_LungRegionExtractor/RESULTS/resultados_nuevos/cropped_clahe/LAT/TB1_2-40-6-LAT.jpg,train,0
180,pTBred,2-40-7,12.83,3,1,F,probable,1,0,1,yes,yes,no,no,no,yes,/mnt/nfs/projects/CXR-TB/RESULTS/nmessino/DEV/pTB_LungRegionExtractor/RESULTS/resultados_nuevos/cropped_clahe/AP/TB1_2-40-7-AP.jpg,/mnt/nfs/projects/CXR-TB/RESULTS/nmessino/DEV/pTB_LungRegionExtractor/RESULTS/resultados_nuevos/cropped_clahe/LAT/TB1_2-40-7-LAT.jpg,train,2
181,pTBred,2-42-1,0.42,1,0,M,probable,1,0,1,no,no,no,no,yes,no,/mnt/nfs/projects/CXR-TB/RESULTS/nmessino/DEV/pTB_LungRegionExtractor/RESULTS/resultados_nuevos/cropped_clahe/AP/TB1_2-42-1-AP.jpg,-1,train,4
182,pTBred,2-42-10,11.92,2,1,M,probable,1,0,1,no,no,no,no,yes,no,/mnt/nfs/projects/CXR-TB/RESULTS/nmessino/DEV/pTB_LungRegionExtractor/RESULTS/resultados_nuevos/cropped_clahe/AP/TB1_2-42-10-AP.jpg,-1,-1
183,pTBred,2-42-12,0.92,1,0,M,probable,1,1,1,no,no,no,no,yes,no,/mnt/nfs/projects/CXR-TB/RESULTS/nmessino/DEV/pTB_LungRegionExtractor/RESULTS/resultados_nuevos/cropped_clahe/AP/TB1_2-42-12-AP.jpg,-1,train,1
184,pTBred,2-42-18,16.0,3,1,M,probable,1,1,1,yes,yes,no,no,yes,no,/mnt/nfs/projects/CXR-TB/RESULTS/nmessino/DEV/pTB_LungRegionExtractor/RESULTS/resultados_nuevos/cropped_clahe/AP/TB1_2-42-18-AP.jpg,-1,train,0
185,pTBred,2-42-22,15.5,3,1,F,probable,1,0,1,no,no,no,no,yes,no,/mnt/nfs/projects/CXR-TB/RESULTS/nmessino/DEV/pTB_LungRegionExtractor/RESULTS/resultados_nuevos/cropped_clahe/AP/TB1_2-42-22-AP.jpg,-1,-1
186,pTBred,2-42-23,4.42,2,0,F,probable,1,0,1,no,no,no,no,yes,no,/mnt/nfs/projects/CXR-TB/RESULTS/nmessino/DEV/pTB_LungRegionExtractor/RESULTS/resultados_nuevos/cropped_clahe/AP/TB1_2-42-23-AP.jpg,-1,train,4
187,pTBred,2-42-24,2.25,1,0,M,probable,1,1,1,no,no,no,no,no,unknown,/mnt/nfs/projects/CXR-TB/RESULTS/nmessino/DEV/pTB_LungRegionExtractor/RESULTS/resultados_nuevos/cropped_clahe/AP/TB1_2-42-24-AP.jpg,-1,train,3
188,pTBred,2-42-28,3.0,1,0,F,probable,1,0,1,no,no,no,no,yes,no,/mnt/nfs/projects/CXR-TB/RESULTS/nmessino/DEV/pTB_LungRegionExtractor/RESULTS/resultados_nuevos/cropped_clahe/AP/TB1_2-42-28-AP.jpg,-1,train,4
189,pTBred,2-42-30,2.75,1,0,F,probable,1,0,1,no,yes,no,no,yes,no,/mnt/nfs/projects/CXR-TB/RESULTS/nmessino/DEV/pTB_LungRegionExtractor/RESULTS/resultados_nuevos/cropped_clahe/AP/TB1_2-42-30-AP.jpg,-1,train,3
190,pTBred,2-42-34,13.5,3,1,M,probable,1,1,1,yes,yes,no,no,no,yes,/mnt/nfs/projects/CXR-TB/RESULTS/nmessino/DEV/pTB_LungRegionExtractor/RESULTS/resultados_nuevos/cropped_clahe/AP/TB1_2-42-34-AP.jpg,-1,-1
191,pTBred,2-42-38,9.33,2,1,M,probable,1,1,1,yes,yes,no,no,no,no,/mnt/nfs/projects/CXR-TB/RESULTS/nmessino/DEV/pTB_LungRegionExtractor/RESULTS/resultados_nuevos/cropped_clahe/AP/TB1_2-42-38-AP.jpg,-1,-1
192,pTBred,2-42-45,6.42,2,1,F,probable,1,0,1,yes,yes,no,no,yes,no,/mnt/nfs/projects/CXR-TB/RESULTS/nmessino/DEV/pTB_LungRegionExtractor/RESULTS/resultados_nuevos/cropped_clahe/AP/TB1_2-42-45-AP.jpg,-1,-1
193,pTBred,2-42-47,5.58,2,1,M,probable,1,0,1,no,no,no,no,no,no,/mnt/nfs/projects/CXR-TB/RESULTS/nmessino/DEV/pTB_LungRegionExtractor/RESULTS/resultados_nuevos/cropped_clahe/AP/TB1_2-42-47-AP.jpg,-1,train,4
194,pTBred,2-42-55,6.33,2,1,F,probable,1,1,1,yes,yes,no,no,no,no,/mnt/nfs/projects/CXR-TB/RESULTS/nmessino/DEV/pTB_LungRegionExtractor/RESULTS/resultados_nuevos/cropped_clahe/AP/TB1_2-42-55-AP.jpg,-1,-1
195,pTBred,2-42-56,13.75,3,1,F,probable,1,1,1,no,yes,no,no,yes,no,/mnt/nfs/projects/CXR-TB/RESULTS/nmessino/DEV/pTB_LungRegionExtractor/RESULTS/resultados_nuevos/cropped_clahe/AP/TB1_2-42-56-AP.jpg,-1,train,1
196,pTBred,2-42-62,4.42,2,0,F,probable,1,0,1,no,yes,no,no,yes,no,/mnt/nfs/projects/CXR-TB/RESULTS/nmessino/DEV/pTB_LungRegionExtractor/RESULTS/resultados_nuevos/cropped_clahe/AP/TB1_2-42-62-AP.jpg,-1,train,2
197,pTBred,2-42-63,12.5,3,1,F,probable,1,1,1,no,yes,no,no,yes,no,/mnt/nfs/projects/CXR-TB/RESULTS/nmessino/DEV/pTB_LungRegionExtractor/RESULTS/resultados_nuevos/cropped_clahe/AP/TB1_2-42-63-AP.jpg,-1,-1
198,pTBred,2-42-7,5.58,2,1,M,probable,1,0,1,yes,yes,no,no,yes,no,/mnt/nfs/projects/CXR-TB/RESULTS/nmessino/DEV/pTB_LungRegionExtractor/RESULTS/resultados_nuevos/cropped_clahe/AP/TB1_2-42-7-AP.jpg,-1,train,3
199,pTBred,2-42-73,4.75,2,0,M,probable,1,0,1,no,no,no,no,yes,no,/mnt/nfs/projects/CXR-TB/RESULTS/nmessino/DEV/pTB_LungRegionExtractor/RESULTS/resultados_nuevos/cropped_clahe/AP/TB1_2-42-73-AP.jpg,-1,train,1
200,pTBred,2-42-77,2.42,1,0,F,probable,1,1,1,no,no,no,no,yes,no,/mnt/nfs/projects/CXR-TB/RESULTS/nmessino/DEV/pTB_LungRegionExtractor/RESULTS/resultados_nuevos/cropped_clahe/AP/TB1_2-42-77-AP.jpg,-1,train,1
201,pTBred,2-42-82,3.0,1,0,M,probable,1,1,1,no,no,no,no,yes,no,/mnt/nfs/projects/CXR-TB/RESULTS/nmessino/DEV/pTB_LungRegionExtractor/RESULTS/resultados_nuevos/cropped_clahe/AP/TB1_2-42-82-AP.jpg,-1,train,2
202,pTBred,2-42-88,0.83,1,0,M,probable,1,0,1,no,yes,no,no,yes,no,/mnt/nfs/projects/CXR-TB/RESULTS/nmessino/DEV/pTB_LungRegionExtractor/RESULTS/resultados_nuevos/cropped_clahe/AP/TB1_2-42-88-AP.jpg,-1,train,3
203,pTBred,2-42-90,1.17,1,0,M,probable,1,1,1,no,yes,no,no,yes,no,/mnt/nfs/projects/CXR-TB/RESULTS/nmessino/DEV/pTB_LungRegionExtractor/RESULTS/resultados_nuevos/cropped_clahe/AP/TB1_2-42-90-AP.jpg,-1,train,3
204,pTBred,2-42-95,0.5,1,0,F,probable,1,0,1,no,yes,no,no,no,no,/mnt/nfs/projects/CXR-TB/RESULTS/nmessino/DEV/pTB_LungRegionExtractor/RESULTS/resultados_nuevos/cropped_clahe/AP/TB1_2-42-95-AP.jpg,-1,train,3
205,pTBred,2-45-1,12.92,3,1,F,probable,1,1,1,yes,yes,no,no,no,no,/mnt/nfs/projects/CXR-TB/RESULTS/nmessino/DEV/pTB_LungRegionExtractor/RESULTS/resultados_nuevos/cropped_clahe/AP/TB1_2-45-1-AP.jpg,/mnt/nfs/projects/CXR-TB/RESULTS/nmessino/DEV/pTB_LungRegionExtractor/RESULTS/resultados_nuevos/cropped_clahe/LAT/TB1_2-45-1-LAT.jpg,train,1
206,pTBred,2-45-10,13.0,3,1,F,probable,1,1,1,yes,no,no,no,yes,no,/mnt/nfs/projects/CXR-TB/RESULTS/nmessino/DEV/pTB_LungRegionExtractor/RESULTS/resultados_nuevos/cropped_clahe/AP/TB1_2-45-10-AP.jpg,/mnt/nfs/projects/CXR-TB/RESULTS/nmessino/DEV/pTB_LungRegionExtractor/RESULTS/resultados_nuevos/cropped_clahe/LAT/TB1_2-45-10-LAT.jpg,train,0
207,pTBred,2-45-3,11.67,2,1,F,probable,1,0,1,yes,no,no,no,yes,yes,/mnt/nfs/projects/CXR-TB/RESULTS/nmessino/DEV/pTB_LungRegionExtractor/RESULTS/resultados_nuevos/cropped_clahe/AP/TB1_2-45-3-AP.jpg,/mnt/nfs/projects/CXR-TB/RESULTS/nmessino/DEV/pTB_LungRegionExtractor/RESULTS/resultados_nuevos/cropped_clahe/LAT/TB1_2-45-3-LAT.jpg,train,1
208,pTBred,2-45-5,14.17,3,1,M,probable,1,0,1,no,yes,no,no,no,no,/mnt/nfs/projects/CXR-TB/RESULTS/nmessino/DEV/pTB_LungRegionExtractor/RESULTS/resultados_nuevos/cropped_clahe/AP/TB1_2-45-5-AP.jpg,-1,train,0
209,pTBred,2-46-10,11.92,2,1,F,probable,1,1,1,no,no,no,no,no,no,/mnt/nfs/projects/CXR-TB/RESULTS/nmessino/DEV/pTB_LungRegionExtractor/RESULTS/resultados_nuevos/cropped_clahe/AP/TB1_2-46-10-AP.jpg,/mnt/nfs/projects/CXR-TB/RESULTS/nmessino/DEV/pTB_LungRegionExtractor/RESULTS/resultados_nuevos/cropped_clahe/LAT/TB1_2-46-10-LAT.jpg,train,0
210,pTBred,2-46-15,6.0,2,1,M,probable,1,0,1,no,no,no,no,yes,no,/mnt/nfs/projects/CXR-TB/RESULTS/nmessino/DEV/pTB_LungRegionExtractor/RESULTS/resultados_nuevos/cropped_clahe/AP/TB1_2-46-15-AP.jpg,/mnt/nfs/projects/CXR-TB/RESULTS/nmessino/DEV/pTB_LungRegionExtractor/RESULTS/resultados_nuevos/cropped_clahe/LAT/TB1_2-46-15-LAT.jpg,train,1
211,pTBred,2-46-16,4.5,2,0,M,probable,1,0,1,no,no,no,no,yes,no,/mnt/nfs/projects/CXR-TB/RESULTS/nmessino/DEV/pTB_LungRegionExtractor/RESULTS/resultados_nuevos/cropped_clahe/AP/TB1_2-46-16-AP.jpg,-1,train,1
212,pTBred,2-46-18,9.92,2,1,F,probable,1,0,1,no,no,no,no,yes,no,/mnt/nfs/projects/CXR-TB/RESULTS/nmessino/DEV/pTB_LungRegionExtractor/RESULTS/resultados_nuevos/cropped_clahe/AP/TB1_2-46-18-AP.jpg,/mnt/nfs/projects/CXR-TB/RESULTS/nmessino/DEV/pTB_LungRegionExtractor/RESULTS/resultados_nuevos/cropped_clahe/LAT/TB1_2-46-18-LAT.jpg,train,1
213,pTBred,2-46-25,9.17,2,1,F,probable,1,0,1,yes,yes,no,no,no,no,/mnt/nfs/projects/CXR-TB/RESULTS/nmessino/DEV/pTB_LungRegionExtractor/RESULTS/resultados_nuevos/cropped_clahe/AP/TB1_2-46-25-AP.jpg,/mnt/nfs/projects/CXR-TB/RESULTS/nmessino/DEV/pTB_LungRegionExtractor/RESULTS/resultados_nuevos/cropped_clahe/LAT/TB1_2-46-25-LAT.jpg,train,2
214,pTBred,2-46-27,6.92,2,1,F,probable,1,1,1,yes,yes,no,no,yes,no,/mnt/nfs/projects/CXR-TB/RESULTS/nmessino/DEV/pTB_LungRegionExtractor/RESULTS/resultados_nuevos/cropped_clahe/AP/TB1_2-46-27-AP.jpg,-1,train,3
215,pTBred,2-46-28,11.33,2,1,F,probable,1,1,1,yes,yes,no,no,yes,no,/mnt/nfs/projects/CXR-TB/RESULTS/nmessino/DEV/pTB_LungRegionExtractor/RESULTS/resultados_nuevos/cropped_clahe/AP/TB1_2-46-28-AP.jpg,-1,train,4
216,pTBred,2-46-29,7.75,2,1,F,probable,1,1,1,no,no,no,no,yes,no,/mnt/nfs/projects/CXR-TB/RESULTS/nmessino/DEV/pTB_LungRegionExtractor/RESULTS/resultados_nuevos/cropped_clahe/AP/TB1_2-46-29-AP.jpg,/mnt/nfs/projects/CXR-TB/RESULTS/nmessino/DEV/pTB_LungRegionExtractor/RESULTS/resultados_nuevos/cropped_clahe/LAT/TB1_2-46-29-LAT.jpg,train,0
217,pTBred,2-46-38,4.33,2,0,M,probable,1,1,1,yes,yes,no,no,yes,no,/mnt/nfs/projects/CXR-TB/RESULTS/nmessino/DEV/pTB_LungRegionExtractor/RESULTS/resultados_nuevos/cropped_clahe/AP/TB1_2-46-38-AP.jpg,-1,train,2
218,pTBred,2-46-40,12.58,3,1,M,probable,1,0,1,no,no,no,no,yes,yes,/mnt/nfs/projects/CXR-TB/RESULTS/nmessino/DEV/pTB_LungRegionExtractor/RESULTS/resultados_nuevos/cropped_clahe/AP/TB1_2-46-40-AP.jpg,/mnt/nfs/projects/CXR-TB/RESULTS/nmessino/DEV/pTB_LungRegionExtractor/RESULTS/resultados_nuevos/cropped_clahe/LAT/TB1_2-46-40-LAT.jpg,train,4
219,pTBred,2-46-41,5.0,2,1,F,probable,1,0,1,no,no,no,no,yes,no,/mnt/nfs/projects/CXR-TB/RESULTS/nmessino/DEV/pTB_LungRegionExtractor/RESULTS/resultados_nuevos/cropped_clahe/AP/TB1_2-46-41-AP.jpg,/mnt/nfs/projects/CXR-TB/RESULTS/nmessino/DEV/pTB_LungRegionExtractor/RESULTS/resultados_nuevos/cropped_clahe/LAT/TB1_2-46-41-LAT.jpg,train,3
220,pTBred,2-46-8,3.92,2,0,M,probable,1,0,1,no,no,no,no,yes,no,/mnt/nfs/projects/CXR-TB/RESULTS/nmessino/DEV/pTB_LungRegionExtractor/RESULTS/resultados_nuevos/cropped_clahe/AP/TB1_2-46-8-AP.jpg,/mnt/nfs/projects/CXR-TB/RESULTS/nmessino/DEV/pTB_LungRegionExtractor/RESULTS/resultados_nuevos/cropped_clahe/LAT/TB1_2-46-8-LAT.jpg,train,4
221,pTBred,2-46-9,6.75,2,1,M,probable,1,1,1,no,no,no,no,yes,no,/mnt/nfs/projects/CXR-TB/RESULTS/nmessino/DEV/pTB_LungRegionExtractor/RESULTS/resultados_nuevos/cropped_clahe/AP/TB1_2-46-9-AP.jpg,/mnt/nfs/projects/CXR-TB/RESULTS/nmessino/DEV/pTB_LungRegionExtractor/RESULTS/resultados_nuevos/cropped_clahe/LAT/TB1_2-46-9-LAT.jpg,train,1
222,pTBred,2-5-2,4.5,2,0,M,probable,1,0,1,yes,yes,no,no,yes,no,/mnt/nfs/projects/CXR-TB/RESULTS/nmessino/DEV/pTB_LungRegionExtractor/RESULTS/resultados_nuevos/cropped_clahe/AP/TB1_2-5-2-AP.jpg,-1,train,3
223,pTBred,2-5-25,3.42,2,0,F,probable,1,0,1,yes,yes,no,no,yes,no,/mnt/nfs/projects/CXR-TB/RESULTS/nmessino/DEV/pTB_LungRegionExtractor/RESULTS/resultados_nuevos/cropped_clahe/AP/TB1_2-5-25-AP.jpg,-1,train,1
224,pTBred,2-5-3,14.67,3,1,F,probable,1,1,1,no,yes,no,no,no,yes,/mnt/nfs/projects/CXR-TB/RESULTS/nmessino/DEV/pTB_LungRegionExtractor/RESULTS/resultados_nuevos/cropped_clahe/AP/TB1_2-5-3-AP.jpg,-1,-1
225,pTBred,2-5-6,14.0,3,1,F,probable,1,1,1,yes,yes,no,no,no,no,/mnt/nfs/projects/CXR-TB/RESULTS/nmessino/DEV/pTB_LungRegionExtractor/RESULTS/resultados_nuevos/cropped_clahe/AP/TB1_2-5-6-AP.jpg,/mnt/nfs/projects/CXR-TB/RESULTS/nmessino/DEV/pTB_LungRegionExtractor/RESULTS/resultados_nuevos/cropped_clahe/LAT/TB1_2-5-6-LAT.jpg,train,2
226,pTBred,2-5-8,1.17,1,0,M,probable,1,1,1,no,no,no,no,yes,no,/mnt/nfs/projects/CXR-TB/RESULTS/nmessino/DEV/pTB_LungRegionExtractor/RESULTS/resultados_nuevos/cropped_clahe/AP/TB1_2-5-8-AP.jpg,/mnt/nfs/projects/CXR-TB/RESULTS/nmessino/DEV/pTB_LungRegionExtractor/RESULTS/resultados_nuevos/cropped_clahe/LAT/TB1_2-5-8-LAT.jpg,train,3
227,pTBred,2-50-2,4.5,2,0,M,probable,1,0,1,yes,no,no,no,yes,no,/mnt/nfs/projects/CXR-TB/RESULTS/nmessino/DEV/pTB_LungRegionExtractor/RESULTS/resultados_nuevos/cropped_clahe/AP/TB1_2-50-2-AP.jpg,-1,train,2
228,pTBred,2-50-3,1.0,1,0,M,probable,1,0,1,yes,no,no,no,yes,no,/mnt/nfs/projects/CXR-TB/RESULTS/nmessino/DEV/pTB_LungRegionExtractor/RESULTS/resultados_nuevos/cropped_clahe/AP/TB1_2-50-3-AP.jpg,-1,train,2
229,pTBred,2-54-1,2.25,1,0,M,probable,1,1,1,yes,yes,no,no,no,no,/mnt/nfs/projects/CXR-TB/RESULTS/nmessino/DEV/pTB_LungRegionExtractor/RESULTS/resultados_nuevos/cropped_clahe/AP/TB1_2-54-1-AP.jpg,/mnt/nfs/projects/CXR-TB/RESULTS/nmessino/DEV/pTB_LungRegionExtractor/RESULTS/resultados_nuevos/cropped_clahe/LAT/TB1_2-54-1-LAT.jpg,train,0
230,pTBred,2-54-12,11.67,2,1,F,probable,1,0,1,no,no,no,no,yes,no,/mnt/nfs/projects/CXR-TB/RESULTS/nmessino/DEV/pTB_LungRegionExtractor/RESULTS/resultados_nuevos/cropped_clahe/AP/TB1_2-54-12-AP.jpg,-1,train,0
231,pTBred,2-54-17,13.0,3,1,M,probable,1,1,1,yes,no,no,no,yes,no,/mnt/nfs/projects/CXR-TB/RESULTS/nmessino/DEV/pTB_LungRegionExtractor/RESULTS/resultados_nuevos/cropped_clahe/AP/TB1_2-54-17-AP.jpg,-1,train,3
232,pTBred,2-54-2,6.5,2,1,F,probable,1,0,1,no,no,no,no,yes,no,/mnt/nfs/projects/CXR-TB/RESULTS/nmessino/DEV/pTB_LungRegionExtractor/RESULTS/resultados_nuevos/cropped_clahe/AP/TB1_2-54-2-AP.jpg,/mnt/nfs/projects/CXR-TB/RESULTS/nmessino/DEV/pTB_LungRegionExtractor/RESULTS/resultados_nuevos/cropped_clahe/LAT/TB1_2-54-2-LAT.jpg,train,0
233,pTBred,2-54-7,6.67,2,1,F,probable,1,0,1,no,no,no,no,no,no,/mnt/nfs/projects/CXR-TB/RESULTS/nmessino/DEV/pTB_LungRegionExtractor/RESULTS/resultados_nuevos/cropped_clahe/AP/TB1_2-54-7-AP.jpg,-1,-1
234,pTBred,2-59-11,9.17,2,1,F,probable,1,1,1,yes,no,no,no,yes,no,/mnt/nfs/projects/CXR-TB/RESULTS/nmessino/DEV/pTB_LungRegionExtractor/RESULTS/resultados_nuevos/cropped_clahe/AP/TB1_2-59-11-AP.jpg,/mnt/nfs/projects/CXR-TB/RESULTS/nmessino/DEV/pTB_LungRegionExtractor/RESULTS/resultados_nuevos/cropped_clahe/LAT/TB1_2-59-11-LAT.jpg,train,0
235,pTBred,2-59-4,4.75,2,0,F,probable,1,1,1,no,no,no,no,yes,no,/mnt/nfs/projects/CXR-TB/RESULTS/nmessino/DEV/pTB_LungRegionExtractor/RESULTS/resultados_nuevos/cropped_clahe/AP/TB1_2-59-4-AP.jpg,-1,train,1
236,pTBred,2-59-5,0.67,1,0,M,probable,1,0,1,yes,no,no,no,no,no,/mnt/nfs/projects/CXR-TB/RESULTS/nmessino/DEV/pTB_LungRegionExtractor/RESULTS/resultados_nuevos/cropped_clahe/AP/TB1_2-59-5-AP.jpg,-1,train,4
237,pTBred,2-59-7,4.92,2,0,F,probable,1,1,1,yes,yes,no,no,no,no,/mnt/nfs/projects/CXR-TB/RESULTS/nmessino/DEV/pTB_LungRegionExtractor/RESULTS/resultados_nuevos/cropped_clahe/AP/TB1_2-59-7-AP.jpg,-1,train,2
238,pTBred,2-59-9,0.75,1,0,M,probable,1,1,1,no,no,no,no,yes,no,/mnt/nfs/projects/CXR-TB/RESULTS/nmessino/DEV/pTB_LungRegionExtractor/RESULTS/resultados_nuevos/cropped_clahe/AP/TB1_2-59-9-AP.jpg,-1,train,0
239,pTBred,2-64-6,13.5,3,1,M,probable,1,1,1,no,no,no,no,yes,no,/mnt/nfs/projects/CXR-TB/RESULTS/nmessino/DEV/pTB_LungRegionExtractor/RESULTS/resultados_nuevos/cropped_clahe/AP/TB1_2-64-6-AP.jpg,/mnt/nfs/projects/CXR-TB/RESULTS/nmessino/DEV/pTB_LungRegionExtractor/RESULTS/resultados_nuevos/cropped_clahe/LAT/TB1_2-64-6-LAT.jpg,train,3
240,pTBred,2-69-1,11.67,2,1,M,probable,1,1,1,yes,yes,no,no,no,no,/mnt/nfs/projects/CXR-TB/RESULTS/nmessino/DEV/pTB_LungRegionExtractor/RESULTS/resultados_nuevos/cropped_clahe/AP/TB1_2-69-1-AP.jpg,-1,-1
241,pTBred,2-69-10,6.5,2,1,F,probable,1,1,1,no,yes,no,no,no,no,/mnt/nfs/projects/CXR-TB/RESULTS/nmessino/DEV/pTB_LungRegionExtractor/RESULTS/resultados_nuevos/cropped_clahe/AP/TB1_2-69-10-AP.jpg,/mnt/nfs/projects/CXR-TB/RESULTS/nmessino/DEV/pTB_LungRegionExtractor/RESULTS/resultados_nuevos/cropped_clahe/LAT/TB1_2-69-10-LAT.jpg,train,2
242,pTBred,2-69-12,9.92,2,1,M,probable,1,1,1,yes,yes,no,no,no,no,/mnt/nfs/projects/CXR-TB/RESULTS/nmessino/DEV/pTB_LungRegionExtractor/RESULTS/resultados_nuevos/cropped_clahe/AP/TB1_2-69-12-AP.jpg,-1,-1
243,pTBred,2-69-3,4.42,2,0,F,probable,1,0,1,no,no,no,no,yes,no,/mnt/nfs/projects/CXR-TB/RESULTS/nmessino/DEV/pTB_LungRegionExtractor/RESULTS/resultados_nuevos/cropped_clahe/AP/TB1_2-69-3-AP.jpg,-1,train,4
244,pTBred,2-69-5,5.92,2,1,M,probable,1,0,1,yes,no,no,no,yes,no,/mnt/nfs/projects/CXR-TB/RESULTS/nmessino/DEV/pTB_LungRegionExtractor/RESULTS/resultados_nuevos/cropped_clahe/AP/TB1_2-69-5-AP.jpg,/mnt/nfs/projects/CXR-TB/RESULTS/nmessino/DEV/pTB_LungRegionExtractor/RESULTS/resultados_nuevos/cropped_clahe/LAT/TB1_2-69-5-LAT.jpg,train,4
245,pTBred,2-69-6,1.08,1,0,F,probable,1,0,1,yes,yes,no,no,no,no,/mnt/nfs/projects/CXR-TB/RESULTS/nmessino/DEV/pTB_LungRegionExtractor/RESULTS/resultados_nuevos/cropped_clahe/AP/TB1_2-69-6-AP.jpg,-1,train,1
246,pTBred,2-69-9,0.17,1,0,M,probable,1,0,1,yes,yes,no,no,no,yes,/mnt/nfs/projects/CXR-TB/RESULTS/nmessino/DEV/pTB_LungRegionExtractor/RESULTS/resultados_nuevos/cropped_clahe/AP/TB1_2-69-9-AP.jpg,-1,train,2
247,pTBred,2-7-6,15.75,3,1,M,probable,1,0,1,no,no,no,no,yes,no,/mnt/nfs/projects/CXR-TB/RESULTS/nmessino/DEV/pTB_LungRegionExtractor/RESULTS/resultados_nuevos/cropped_clahe/AP/TB1_2-7-6-AP.jpg,/mnt/nfs/projects/CXR-TB/RESULTS/nmessino/DEV/pTB_LungRegionExtractor/RESULTS/resultados_nuevos/cropped_clahe/LAT/TB1_2-7-6-LAT.jpg,train,1
248,pTBred,2-7-8,13.5,3,1,M,probable,1,1,1,yes,yes,no,no,no,yes,/mnt/nfs/projects/CXR-TB/RESULTS/nmessino/DEV/pTB_LungRegionExtractor/RESULTS/resultados_nuevos/cropped_clahe/AP/TB1_2-7-8-AP.jpg,-1,train,2
249,pTBred,2-8-1,2.75,1,0,M,probable,1,0,1,no,yes,no,no,no,no,/mnt/nfs/projects/CXR-TB/RESULTS/nmessino/DEV/pTB_LungRegionExtractor/RESULTS/resultados_nuevos/cropped_clahe/AP/TB1_2-8-1-AP.jpg,-1,train,3
250,pTBred,2-9-1,2.5,1,0,F,probable,1,0,1,yes,yes,no,no,no,no,/mnt/nfs/projects/CXR-TB/RESULTS/nmessino/DEV/pTB_LungRegionExtractor/RESULTS/resultados_nuevos/cropped_clahe/AP/TB1_2-9-1-AP.jpg,/mnt/nfs/projects/CXR-TB/RESULTS/nmessino/DEV/pTB_LungRegionExtractor/RESULTS/resultados_nuevos/cropped_clahe/LAT/TB1_2-9-1-LAT.jpg,train,1
251,pTBred,2-9-2,2.83,1,0,F,probable,1,0,1,yes,yes,no,no,no,no,/mnt/nfs/projects/CXR-TB/RESULTS/nmessino/DEV/pTB_LungRegionExtractor/RESULTS/resultados_nuevos/cropped_clahe/AP/TB1_2-9-2-AP.jpg,/mnt/nfs/projects/CXR-TB/RESULTS/nmessino/DEV/pTB_LungRegionExtractor/RESULTS/resultados_nuevos/cropped_clahe/LAT/TB1_2-9-2-LAT.jpg,train,4
252,pTBred,2-9-7,5.75,2,1,F,probable,1,1,1,no,no,no,no,yes,no,/mnt/nfs/projects/CXR-TB/RESULTS/nmessino/DEV/pTB_LungRegionExtractor/RESULTS/resultados_nuevos/cropped_clahe/AP/TB1_2-9-7-AP.jpg,/mnt/nfs/projects/CXR-TB/RESULTS/nmessino/DEV/pTB_LungRegionExtractor/RESULTS/resultados_nuevos/cropped_clahe/LAT/TB1_2-9-7-LAT.jpg,train,0
253,pTBred,3-3-10,5.17,2,1,M,ltbi,0,0,1,no,no,no,no,yes,no,/mnt/nfs/projects/CXR-TB/RESULTS/nmessino/DEV/pTB_LungRegionExtractor/RESULTS/resultados_nuevos/cropped_clahe/AP/TB0_3-3-10-AP.jpg,-1,-1
254,pTBred,3-3-12,4.83,2,0,M,ltbi,0,0,0,no,no,no,no,yes,no,/mnt/nfs/projects/CXR-TB/RESULTS/nmessino/DEV/pTB_LungRegionExtractor/RESULTS/resultados_nuevos/cropped_clahe/AP/TB0_3-3-12-AP.jpg,/mnt/nfs/projects/CXR-TB/RESULTS/nmessino/DEV/pTB_LungRegionExtractor/RESULTS/resultados_nuevos/cropped_clahe/LAT/TB0_3-3-12-LAT.jpg,-1
255,pTBred,3-3-13,5.17,2,1,F,ltbi,0,0,1,no,no,no,no,yes,no,/mnt/nfs/projects/CXR-TB/RESULTS/nmessino/DEV/pTB_LungRegionExtractor/RESULTS/resultados_nuevos/cropped_clahe/AP/TB0_3-3-13-AP.jpg,-1,train,2
256,pTBred,3-3-14,5.17,2,1,F,ltbi,0,0,0,yes,no,no,no,yes,no,/mnt/nfs/projects/CXR-TB/RESULTS/nmessino/DEV/pTB_LungRegionExtractor/RESULTS/resultados_nuevos/cropped_clahe/AP/TB0_3-3-14-AP.jpg,/mnt/nfs/projects/CXR-TB/RESULTS/nmessino/DEV/pTB_LungRegionExtractor/RESULTS/resultados_nuevos/cropped_clahe/LAT/TB0_3-3-14-LAT.jpg,train,0
257,pTBred,3-3-15,3.17,2,0,F,ltbi,0,0,0,no,no,no,no,yes,no,/mnt/nfs/projects/CXR-TB/RESULTS/nmessino/DEV/pTB_LungRegionExtractor/RESULTS/resultados_nuevos/cropped_clahe/AP/TB0_3-3-15-AP.jpg,-1,train,1
258,pTBred,3-3-16,3.67,2,0,F,ltbi,0,0,0,no,no,no,no,yes,no,/mnt/nfs/projects/CXR-TB/RESULTS/nmessino/DEV/pTB_LungRegionExtractor/RESULTS/resultados_nuevos/cropped_clahe/AP/TB0_3-3-16-AP.jpg,-1,train,3
259,pTBred,3-3-17,5.5,2,1,M,ltbi,0,0,0,no,no,no,no,yes,no,/mnt/nfs/projects/CXR-TB/RESULTS/nmessino/DEV/pTB_LungRegionExtractor/RESULTS/resultados_nuevos/cropped_clahe/AP/TB0_3-3-17-AP.jpg,-1,-1
260,pTBred,3-3-18,5.42,2,1,F,ltbi,0,0,0,no,no,no,no,yes,no,/mnt/nfs/projects/CXR-TB/RESULTS/nmessino/DEV/pTB_LungRegionExtractor/RESULTS/resultados_nuevos/cropped_clahe/AP/TB0_3-3-18-AP.jpg,/mnt/nfs/projects/CXR-TB/RESULTS/nmessino/DEV/pTB_LungRegionExtractor/RESULTS/resultados_nuevos/cropped_clahe/LAT/TB0_3-3-18-LAT.jpg,train,3
261,pTBred,3-3-2,5.58,2,1,M,ltbi,0,0,0,no,no,no,no,yes,no,/mnt/nfs/projects/CXR-TB/RESULTS/nmessino/DEV/pTB_LungRegionExtractor/RESULTS/resultados_nuevos/cropped_clahe/AP/TB0_3-3-2-AP.jpg,/mnt/nfs/projects/CXR-TB/RESULTS/nmessino/DEV/pTB_LungRegionExtractor/RESULTS/resultados_nuevos/cropped_clahe/LAT/TB0_3-3-2-LAT.jpg,train,0
262,pTBred,3-3-20,5.17,2,1,F,ltbi,0,0,0,no,no,no,no,yes,no,/mnt/nfs/projects/CXR-TB/RESULTS/nmessino/DEV/pTB_LungRegionExtractor/RESULTS/resultados_nuevos/cropped_clahe/AP/TB0_3-3-20-AP.jpg,-1,train,0
263,pTBred,3-3-22,3.75,2,0,M,ltbi,0,0,1,yes,no,no,no,yes,no,/mnt/nfs/projects/CXR-TB/RESULTS/nmessino/DEV/pTB_LungRegionExtractor/RESULTS/resultados_nuevos/cropped_clahe/AP/TB0_3-3-22-AP.jpg,/mnt/nfs/projects/CXR-TB/RESULTS/nmessino/DEV/pTB_LungRegionExtractor/RESULTS/resultados_nuevos/cropped_clahe/LAT/TB0_3-3-22-LAT.jpg,train,4
264,pTBred,3-3-23,12.5,3,1,M,ltbi,0,0,0,no,no,no,no,no,no,/mnt/nfs/projects/CXR-TB/RESULTS/nmessino/DEV/pTB_LungRegionExtractor/RESULTS/resultados_nuevos/cropped_clahe/AP/TB0_3-3-23-AP.jpg,-1,-1
265,pTBred,3-3-24,5.08,2,1,F,ltbi,0,0,0,no,yes,no,no,no,no,/mnt/nfs/projects/CXR-TB/RESULTS/nmessino/DEV/pTB_LungRegionExtractor/RESULTS/resultados_nuevos/cropped_clahe/AP/TB0_3-3-24-AP.jpg,-1,train,3
266,pTBred,3-3-26,3.75,2,0,F,ltbi,0,0,0,no,no,no,no,no,unknown,/mnt/nfs/projects/CXR-TB/RESULTS/nmessino/DEV/pTB_LungRegionExtractor/RESULTS/resultados_nuevos/cropped_clahe/AP/TB0_3-3-26-AP.jpg,-1,train,2
267,pTBred,3-3-27,12.5,3,1,M,ltbi,0,0,0,no,no,no,no,yes,no,/mnt/nfs/projects/CXR-TB/RESULTS/nmessino/DEV/pTB_LungRegionExtractor/RESULTS/resultados_nuevos/cropped_clahe/AP/TB0_3-3-27-AP.jpg,-1,-1
268,pTBred,3-3-28,6.42,2,1,F,ltbi,0,0,0,no,no,no,no,no,no,/mnt/nfs/projects/CXR-TB/RESULTS/nmessino/DEV/pTB_LungRegionExtractor/RESULTS/resultados_nuevos/cropped_clahe/AP/TB0_3-3-28-AP.jpg,-1,train,0
269,pTBred,3-3-29,5.33,2,1,F,ltbi,0,0,0,no,no,no,no,yes,no,/mnt/nfs/projects/CXR-TB/RESULTS/nmessino/DEV/pTB_LungRegionExtractor/RESULTS/resultados_nuevos/cropped_clahe/AP/TB0_3-3-29-AP.jpg,/mnt/nfs/projects/CXR-TB/RESULTS/nmessino/DEV/pTB_LungRegionExtractor/RESULTS/resultados_nuevos/cropped_clahe/LAT/TB0_3-3-29-LAT.jpg,train,4
270,pTBred,3-3-3,5.33,2,1,F,ltbi,0,0,0,yes,yes,no,no,yes,no,/mnt/nfs/projects/CXR-TB/RESULTS/nmessino/DEV/pTB_LungRegionExtractor/RESULTS/resultados_nuevos/cropped_clahe/AP/TB0_3-3-3-AP.jpg,/mnt/nfs/projects/CXR-TB/RESULTS/nmessino/DEV/pTB_LungRegionExtractor/RESULTS/resultados_nuevos/cropped_clahe/LAT/TB0_3-3-3-LAT.jpg,train,2
271,pTBred,3-3-30,8.92,2,1,F,ltbi,0,0,0,no,no,no,no,yes,no,/mnt/nfs/projects/CXR-TB/RESULTS/nmessino/DEV/pTB_LungRegionExtractor/RESULTS/resultados_nuevos/cropped_clahe/AP/TB0_3-3-30-AP.jpg,-1,-1
272,pTBred,3-3-31,12.33,3,1,F,ltbi,0,0,0,no,no,no,no,yes,no,/mnt/nfs/projects/CXR-TB/RESULTS/nmessino/DEV/pTB_LungRegionExtractor/RESULTS/resultados_nuevos/cropped_clahe/AP/TB0_3-3-31-AP.jpg,-1,-1
273,pTBred,3-3-32,11.08,2,1,F,ltbi,0,0,0,no,no,no,no,yes,no,/mnt/nfs/projects/CXR-TB/RESULTS/nmessino/DEV/pTB_LungRegionExtractor/RESULTS/resultados_nuevos/cropped_clahe/AP/TB0_3-3-32-AP.jpg,/mnt/nfs/projects/CXR-TB/RESULTS/nmessino/DEV/pTB_LungRegionExtractor/RESULTS/resultados_nuevos/cropped_clahe/LAT/TB0_3-3-32-LAT.jpg,train,0
274,pTBred,3-3-33,5.17,2,1,F,ltbi,0,0,1,no,no,no,no,no,no,/mnt/nfs/projects/CXR-TB/RESULTS/nmessino/DEV/pTB_LungRegionExtractor/RESULTS/resultados_nuevos/cropped_clahe/AP/TB0_3-3-33-AP.jpg,-1,-1
275,pTBred,3-3-34,13.17,3,1,M,ltbi,0,0,0,no,no,no,no,no,yes,/mnt/nfs/projects/CXR-TB/RESULTS/nmessino/DEV/pTB_LungRegionExtractor/RESULTS/resultados_nuevos/cropped_clahe/AP/TB0_3-3-34-AP.jpg,/mnt/nfs/projects/CXR-TB/RESULTS/nmessino/DEV/pTB_LungRegionExtractor/RESULTS/resultados_nuevos/cropped_clahe/LAT/TB0_3-3-34-LAT.jpg,train,2
276,pTBred,3-3-35,11.33,2,1,F,ltbi,0,0,0,no,no,no,no,no,yes,/mnt/nfs/projects/CXR-TB/RESULTS/nmessino/DEV/pTB_LungRegionExtractor/RESULTS/resultados_nuevos/cropped_clahe/AP/TB0_3-3-35-AP.jpg,-1,train,1
277,pTBred,3-3-36,12.42,3,1,M,ltbi,0,0,0,no,no,no,no,no,no,/mnt/nfs/projects/CXR-TB/RESULTS/nmessino/DEV/pTB_LungRegionExtractor/RESULTS/resultados_nuevos/cropped_clahe/AP/TB0_3-3-36-AP.jpg,-1,-1
278,pTBred,3-3-37,7.75,2,1,F,ltbi,0,0,1,no,no,no,no,yes,no,/mnt/nfs/projects/CXR-TB/RESULTS/nmessino/DEV/pTB_LungRegionExtractor/RESULTS/resultados_nuevos/cropped_clahe/AP/TB0_3-3-37-AP.jpg,-1,train,2
279,pTBred,3-3-38,10.67,2,1,F,ltbi,0,0,0,no,no,no,no,yes,unknown,/mnt/nfs/projects/CXR-TB/RESULTS/nmessino/DEV/pTB_LungRegionExtractor/RESULTS/resultados_nuevos/cropped_clahe/AP/TB0_3-3-38-AP.jpg,-1,-1
280,pTBred,3-3-39,10.92,2,1,F,ltbi,0,0,0,no,no,no,no,yes,unknown,/mnt/nfs/projects/CXR-TB/RESULTS/nmessino/DEV/pTB_LungRegionExtractor/RESULTS/resultados_nuevos/cropped_clahe/AP/TB0_3-3-39-AP.jpg,-1,train,3
281,pTBred,3-3-4,5.17,2,1,M,ltbi,0,0,0,no,no,no,no,yes,no,/mnt/nfs/projects/CXR-TB/RESULTS/nmessino/DEV/pTB_LungRegionExtractor/RESULTS/resultados_nuevos/cropped_clahe/AP/TB0_3-3-4-AP.jpg,/mnt/nfs/projects/CXR-TB/RESULTS/nmessino/DEV/pTB_LungRegionExtractor/RESULTS/resultados_nuevos/cropped_clahe/LAT/TB0_3-3-4-LAT.jpg,train,1
282,pTBred,3-3-40,1.92,1,0,M,ltbi,0,0,0,no,no,no,no,yes,no,/mnt/nfs/projects/CXR-TB/RESULTS/nmessino/DEV/pTB_LungRegionExtractor/RESULTS/resultados_nuevos/cropped_clahe/AP/TB0_3-3-40-AP.jpg,-1,train,1
283,pTBred,3-3-41,14.25,3,1,F,ltbi,0,0,0,no,no,no,no,no,unknown,/mnt/nfs/projects/CXR-TB/RESULTS/nmessino/DEV/pTB_LungRegionExtractor/RESULTS/resultados_nuevos/cropped_clahe/AP/TB0_3-3-41-AP.jpg,-1,-1
284,pTBred,3-3-42,4.67,2,0,M,ltbi,0,0,0,no,no,no,no,no,no,/mnt/nfs/projects/CXR-TB/RESULTS/nmessino/DEV/pTB_LungRegionExtractor/RESULTS/resultados_nuevos/cropped_clahe/AP/TB0_3-3-42-AP.jpg,-1,train,3
285,pTBred,3-3-43,2.92,1,0,M,ltbi,0,0,0,no,no,no,no,no,no,/mnt/nfs/projects/CXR-TB/RESULTS/nmessino/DEV/pTB_LungRegionExtractor/RESULTS/resultados_nuevos/cropped_clahe/AP/TB0_3-3-43-AP.jpg,-1,train,3
286,pTBred,3-3-44,6.08,2,1,M,ltbi,0,0,1,no,no,no,no,yes,no,/mnt/nfs/projects/CXR-TB/RESULTS/nmessino/DEV/pTB_LungRegionExtractor/RESULTS/resultados_nuevos/cropped_clahe/AP/TB0_3-3-44-AP.jpg,-1,train,1
287,pTBred,3-3-45,4.92,2,0,M,ltbi,0,0,0,no,no,no,no,yes,no,/mnt/nfs/projects/CXR-TB/RESULTS/nmessino/DEV/pTB_LungRegionExtractor/RESULTS/resultados_nuevos/cropped_clahe/AP/TB0_3-3-45-AP.jpg,-1,train,1
288,pTBred,3-3-46,4.42,2,0,F,ltbi,0,0,0,no,yes,no,no,yes,no,/mnt/nfs/projects/CXR-TB/RESULTS/nmessino/DEV/pTB_LungRegionExtractor/RESULTS/resultados_nuevos/cropped_clahe/AP/TB0_3-3-46-AP.jpg,-1,train,3
289,pTBred,3-3-47,9.33,2,1,M,ltbi,0,0,0,no,no,no,no,yes,no,/mnt/nfs/projects/CXR-TB/RESULTS/nmessino/DEV/pTB_LungRegionExtractor/RESULTS/resultados_nuevos/cropped_clahe/AP/TB0_3-3-47-AP.jpg,-1,-1
290,pTBred,3-3-48,0.83,1,0,M,ltbi,0,0,0,no,no,no,no,yes,no,/mnt/nfs/projects/CXR-TB/RESULTS/nmessino/DEV/pTB_LungRegionExtractor/RESULTS/resultados_nuevos/cropped_clahe/AP/TB0_3-3-48-AP.jpg,-1,train,3
291,pTBred,3-3-49,15.67,3,1,F,ltbi,0,0,0,no,no,no,no,no,yes,/mnt/nfs/projects/CXR-TB/RESULTS/nmessino/DEV/pTB_LungRegionExtractor/RESULTS/resultados_nuevos/cropped_clahe/AP/TB0_3-3-49-AP.jpg,-1,-1
292,pTBred,3-3-5,3.25,2,0,F,ltbi,0,0,1,no,no,no,no,yes,no,/mnt/nfs/projects/CXR-TB/RESULTS/nmessino/DEV/pTB_LungRegionExtractor/RESULTS/resultados_nuevos/cropped_clahe/AP/TB0_3-3-5-AP.jpg,/mnt/nfs/projects/CXR-TB/RESULTS/nmessino/DEV/pTB_LungRegionExtractor/RESULTS/resultados_nuevos/cropped_clahe/LAT/TB0_3-3-5-LAT.jpg,-1
293,pTBred,3-3-50,14.08,3,1,F,ltbi,0,0,0,no,no,no,no,no,unknown,/mnt/nfs/projects/CXR-TB/RESULTS/nmessino/DEV/pTB_LungRegionExtractor/RESULTS/resultados_nuevos/cropped_clahe/AP/TB0_3-3-50-AP.jpg,-1,-1
294,pTBred,3-3-51,2.33,1,0,F,ltbi,0,0,0,no,no,no,no,yes,no,/mnt/nfs/projects/CXR-TB/RESULTS/nmessino/DEV/pTB_LungRegionExtractor/RESULTS/resultados_nuevos/cropped_clahe/AP/TB0_3-3-51-AP.jpg,-1,train,2
295,pTBred,3-3-52,1.0,1,0,M,ltbi,0,0,0,no,no,no,no,yes,yes,/mnt/nfs/projects/CXR-TB/RESULTS/nmessino/DEV/pTB_LungRegionExtractor/RESULTS/resultados_nuevos/cropped_clahe/AP/TB0_3-3-52-AP.jpg,-1,train,2
296,pTBred,3-3-53,8.17,2,1,F,ltbi,0,0,0,no,no,no,no,no,no,/mnt/nfs/projects/CXR-TB/RESULTS/nmessino/DEV/pTB_LungRegionExtractor/RESULTS/resultados_nuevos/cropped_clahe/AP/TB0_3-3-53-AP.jpg,-1,-1
297,pTBred,3-3-54,9.33,2,1,F,ltbi,0,0,0,no,no,no,no,yes,no,/mnt/nfs/projects/CXR-TB/RESULTS/nmessino/DEV/pTB_LungRegionExtractor/RESULTS/resultados_nuevos/cropped_clahe/AP/TB0_3-3-54-AP.jpg,-1,train,1
298,pTBred,3-3-56,11.17,2,1,M,ltbi,0,0,0,no,no,no,no,no,yes,/mnt/nfs/projects/CXR-TB/RESULTS/nmessino/DEV/pTB_LungRegionExtractor/RESULTS/resultados_nuevos/cropped_clahe/AP/TB0_3-3-56-AP.jpg,-1,train,2
299,pTBred,3-3-6,3.0,1,0,M,ltbi,0,0,1,no,no,no,no,yes,no,/mnt/nfs/projects/CXR-TB/RESULTS/nmessino/DEV/pTB_LungRegionExtractor/RESULTS/resultados_nuevos/cropped_clahe/AP/TB0_3-3-6-AP.jpg,/mnt/nfs/projects/CXR-TB/RESULTS/nmessino/DEV/pTB_LungRegionExtractor/RESULTS/resultados_nuevos/cropped_clahe/LAT/TB0_3-3-6-LAT.jpg,train,0
300,pTBred,3-3-7,2.33,1,0,F,ltbi,0,0,1,no,no,no,no,yes,no,/mnt/nfs/projects/CXR-TB/RESULTS/nmessino/DEV/pTB_LungRegionExtractor/RESULTS/resultados_nuevos/cropped_clahe/AP/TB0_3-3-7-AP.jpg,/mnt/nfs/projects/CXR-TB/RESULTS/nmessino/DEV/pTB_LungRegionExtractor/RESULTS/resultados_nuevos/cropped_clahe/LAT/TB0_3-3-7-LAT.jpg,-1
301,pTBred,3-3-8,4.42,2,0,F,ltbi,0,0,0,no,no,no,no,yes,no,/mnt/nfs/projects/CXR-TB/RESULTS/nmessino/DEV/pTB_LungRegionExtractor/RESULTS/resultados_nuevos/cropped_clahe/AP/TB0_3-3-8-AP.jpg,/mnt/nfs/projects/CXR-TB/RESULTS/nmessino/DEV/pTB_LungRegionExtractor/RESULTS/resultados_nuevos/cropped_clahe/LAT/TB0_3-3-8-LAT.jpg,train,0
302,pTBred,3-3-9,5.75,2,1,F,ltbi,0,0,0,no,no,no,no,yes,no,/mnt/nfs/projects/CXR-TB/RESULTS/nmessino/DEV/pTB_LungRegionExtractor/RESULTS/resultados_nuevos/cropped_clahe/AP/TB0_3-3-9-AP.jpg,/mnt/nfs/projects/CXR-TB/RESULTS/nmessino/DEV/pTB_LungRegionExtractor/RESULTS/resultados_nuevos/cropped_clahe/LAT/TB0_3-3-9-LAT.jpg,train,2
303,pTBred,3-5-1,12.42,3,1,F,ltbi,0,0,0,no,no,no,no,no,unknown,/mnt/nfs/projects/CXR-TB/RESULTS/nmessino/DEV/pTB_LungRegionExtractor/RESULTS/resultados_nuevos/cropped_clahe/AP/TB0_3-5-1-AP.jpg,/mnt/nfs/projects/CXR-TB/RESULTS/nmessino/DEV/pTB_LungRegionExtractor/RESULTS/resultados_nuevos/cropped_clahe/LAT/TB0_3-5-1-LAT.jpg,train,3
304,pTBred,3-5-10,5.42,2,1,F,ltbi,0,0,1,no,no,no,no,yes,unknown,/mnt/nfs/projects/CXR-TB/RESULTS/nmessino/DEV/pTB_LungRegionExtractor/RESULTS/resultados_nuevos/cropped_clahe/AP/TB0_3-5-10-AP.jpg,-1,-1
305,pTBred,3-5-11,11.17,2,1,F,ltbi,0,0,0,no,no,no,no,yes,unknown,/mnt/nfs/projects/CXR-TB/RESULTS/nmessino/DEV/pTB_LungRegionExtractor/RESULTS/resultados_nuevos/cropped_clahe/AP/TB0_3-5-11-AP.jpg,-1,train,1
306,pTBred,3-5-12,13.0,3,1,F,ltbi,0,0,0,no,no,no,no,no,yes,/mnt/nfs/projects/CXR-TB/RESULTS/nmessino/DEV/pTB_LungRegionExtractor/RESULTS/resultados_nuevos/cropped_clahe/AP/TB0_3-5-12-AP.jpg,-1,-1
307,pTBred,3-5-13,7.25,2,1,M,ltbi,0,0,0,yes,no,no,unknown,yes,unknown,/mnt/nfs/projects/CXR-TB/RESULTS/nmessino/DEV/pTB_LungRegionExtractor/RESULTS/resultados_nuevos/cropped_clahe/AP/TB0_3-5-13-AP.jpg,/mnt/nfs/projects/CXR-TB/RESULTS/nmessino/DEV/pTB_LungRegionExtractor/RESULTS/resultados_nuevos/cropped_clahe/LAT/TB0_3-5-13-LAT.jpg,train,2
308,pTBred,3-5-14,10.75,2,1,F,ltbi,0,0,0,yes,no,no,no,no,unknown,/mnt/nfs/projects/CXR-TB/RESULTS/nmessino/DEV/pTB_LungRegionExtractor/RESULTS/resultados_nuevos/cropped_clahe/AP/TB0_3-5-14-AP.jpg,/mnt/nfs/projects/CXR-TB/RESULTS/nmessino/DEV/pTB_LungRegionExtractor/RESULTS/resultados_nuevos/cropped_clahe/LAT/TB0_3-5-14-LAT.jpg,train,1
309,pTBred,3-5-15,12.75,3,1,F,ltbi,0,0,0,yes,yes,no,no,no,yes,/mnt/nfs/projects/CXR-TB/RESULTS/nmessino/DEV/pTB_LungRegionExtractor/RESULTS/resultados_nuevos/cropped_clahe/AP/TB0_3-5-15-AP.jpg,/mnt/nfs/projects/CXR-TB/RESULTS/nmessino/DEV/pTB_LungRegionExtractor/RESULTS/resultados_nuevos/cropped_clahe/LAT/TB0_3-5-15-LAT.jpg,train,0
310,pTBred,3-5-16,4.5,2,0,F,ltbi,0,0,0,no,no,no,no,yes,unknown,/mnt/nfs/projects/CXR-TB/RESULTS/nmessino/DEV/pTB_LungRegionExtractor/RESULTS/resultados_nuevos/cropped_clahe/AP/TB0_3-5-16-AP.jpg,-1,train,2
311,pTBred,3-5-17,6.92,2,1,M,ltbi,0,0,0,no,no,no,no,no,unknown,/mnt/nfs/projects/CXR-TB/RESULTS/nmessino/DEV/pTB_LungRegionExtractor/RESULTS/resultados_nuevos/cropped_clahe/AP/TB0_3-5-17-AP.jpg,-1,train,4
312,pTBred,3-5-18,10.58,2,1,M,ltbi,0,0,0,no,no,no,unknown,yes,unknown,/mnt/nfs/projects/CXR-TB/RESULTS/nmessino/DEV/pTB_LungRegionExtractor/RESULTS/resultados_nuevos/cropped_clahe/AP/TB0_3-5-18-AP.jpg,/mnt/nfs/projects/CXR-TB/RESULTS/nmessino/DEV/pTB_LungRegionExtractor/RESULTS/resultados_nuevos/cropped_clahe/LAT/TB0_3-5-18-LAT.jpg,train,2
313,pTBred,3-5-19,13.58,3,1,M,ltbi,0,0,0,no,no,no,unknown,no,unknown,/mnt/nfs/projects/CXR-TB/RESULTS/nmessino/DEV/pTB_LungRegionExtractor/RESULTS/resultados_nuevos/cropped_clahe/AP/TB0_3-5-19-AP.jpg,/mnt/nfs/projects/CXR-TB/RESULTS/nmessino/DEV/pTB_LungRegionExtractor/RESULTS/resultados_nuevos/cropped_clahe/LAT/TB0_3-5-19-LAT.jpg,train,4
314,pTBred,3-5-2,4.25,2,0,F,ltbi,0,0,1,no,no,no,no,yes,unknown,/mnt/nfs/projects/CXR-TB/RESULTS/nmessino/DEV/pTB_LungRegionExtractor/RESULTS/resultados_nuevos/cropped_clahe/AP/TB0_3-5-2-AP.jpg,-1,train,2
315,pTBred,3-5-20,16.83,3,1,F,ltbi,0,0,0,no,no,no,unknown,no,unknown,/mnt/nfs/projects/CXR-TB/RESULTS/nmessino/DEV/pTB_LungRegionExtractor/RESULTS/resultados_nuevos/cropped_clahe/AP/TB0_3-5-20-AP.jpg,/mnt/nfs/projects/CXR-TB/RESULTS/nmessino/DEV/pTB_LungRegionExtractor/RESULTS/resultados_nuevos/cropped_clahe/LAT/TB0_3-5-20-LAT.jpg,train,2
316,pTBred,3-5-21,9.75,2,1,F,ltbi,0,0,0,no,no,no,unknown,yes,yes,/mnt/nfs/projects/CXR-TB/RESULTS/nmessino/DEV/pTB_LungRegionExtractor/RESULTS/resultados_nuevos/cropped_clahe/AP/TB0_3-5-21-AP.jpg,-1,train,1
317,pTBred,3-5-22,16.83,3,1,M,ltbi,0,0,0,no,no,no,unknown,yes,unknown,/mnt/nfs/projects/CXR-TB/RESULTS/nmessino/DEV/pTB_LungRegionExtractor/RESULTS/resultados_nuevos/cropped_clahe/AP/TB0_3-5-22-AP.jpg,-1,train,0
318,pTBred,3-5-23,12.67,3,1,F,ltbi,0,0,0,no,no,no,unknown,yes,unknown,/mnt/nfs/projects/CXR-TB/RESULTS/nmessino/DEV/pTB_LungRegionExtractor/RESULTS/resultados_nuevos/cropped_clahe/AP/TB0_3-5-23-AP.jpg,/mnt/nfs/projects/CXR-TB/RESULTS/nmessino/DEV/pTB_LungRegionExtractor/RESULTS/resultados_nuevos/cropped_clahe/LAT/TB0_3-5-23-LAT.jpg,train,3
319,pTBred,3-5-24,4.5,2,0,F,ltbi,0,0,0,no,no,no,no,yes,unknown,/mnt/nfs/projects/CXR-TB/RESULTS/nmessino/DEV/pTB_LungRegionExtractor/RESULTS/resultados_nuevos/cropped_clahe/AP/TB0_3-5-24-AP.jpg,-1,train,3
320,pTBred,3-5-25,11.92,2,1,M,ltbi,0,0,1,no,no,no,no,yes,yes,/mnt/nfs/projects/CXR-TB/RESULTS/nmessino/DEV/pTB_LungRegionExtractor/RESULTS/resultados_nuevos/cropped_clahe/AP/TB0_3-5-25-AP.jpg,-1,-1
321,pTBred,3-5-26,8.92,2,1,F,ltbi,0,0,0,no,no,no,unknown,yes,unknown,/mnt/nfs/projects/CXR-TB/RESULTS/nmessino/DEV/pTB_LungRegionExtractor/RESULTS/resultados_nuevos/cropped_clahe/AP/TB0_3-5-26-AP.jpg,-1,train,1
322,pTBred,3-5-27,7.33,2,1,F,ltbi,0,0,0,no,no,no,unknown,yes,unknown,/mnt/nfs/projects/CXR-TB/RESULTS/nmessino/DEV/pTB_LungRegionExtractor/RESULTS/resultados_nuevos/cropped_clahe/AP/TB0_3-5-27-AP.jpg,-1,train,3
323,pTBred,3-5-28,13.08,3,1,M,ltbi,0,0,0,no,no,no,unknown,yes,yes,/mnt/nfs/projects/CXR-TB/RESULTS/nmessino/DEV/pTB_LungRegionExtractor/RESULTS/resultados_nuevos/cropped_clahe/AP/TB0_3-5-28-AP.jpg,-1,train,4
324,pTBred,3-5-29,12.58,3,1,F,ltbi,0,0,0,no,no,no,unknown,yes,yes,/mnt/nfs/projects/CXR-TB/RESULTS/nmessino/DEV/pTB_LungRegionExtractor/RESULTS/resultados_nuevos/cropped_clahe/AP/TB0_3-5-29-AP.jpg,/mnt/nfs/projects/CXR-TB/RESULTS/nmessino/DEV/pTB_LungRegionExtractor/RESULTS/resultados_nuevos/cropped_clahe/LAT/TB0_3-5-29-LAT.jpg,train,3
325,pTBred,3-5-3,5.83,2,1,F,ltbi,0,0,1,yes,no,no,no,no,unknown,/mnt/nfs/projects/CXR-TB/RESULTS/nmessino/DEV/pTB_LungRegionExtractor/RESULTS/resultados_nuevos/cropped_clahe/AP/TB0_3-5-3-AP.jpg,/mnt/nfs/projects/CXR-TB/RESULTS/nmessino/DEV/pTB_LungRegionExtractor/RESULTS/resultados_nuevos/cropped_clahe/LAT/TB0_3-5-3-LAT.jpg,train,3
326,pTBred,3-5-30,12.0,2,1,F,ltbi,0,0,0,no,no,no,unknown,yes,unknown,/mnt/nfs/projects/CXR-TB/RESULTS/nmessino/DEV/pTB_LungRegionExtractor/RESULTS/resultados_nuevos/cropped_clahe/AP/TB0_3-5-30-AP.jpg,/mnt/nfs/projects/CXR-TB/RESULTS/nmessino/DEV/pTB_LungRegionExtractor/RESULTS/resultados_nuevos/cropped_clahe/LAT/TB0_3-5-30-LAT.jpg,train,3
327,pTBred,3-5-31,12.25,3,1,F,ltbi,0,0,0,no,no,no,unknown,yes,yes,/mnt/nfs/projects/CXR-TB/RESULTS/nmessino/DEV/pTB_LungRegionExtractor/RESULTS/resultados_nuevos/cropped_clahe/AP/TB0_3-5-31-AP.jpg,/mnt/nfs/projects/CXR-TB/RESULTS/nmessino/DEV/pTB_LungRegionExtractor/RESULTS/resultados_nuevos/cropped_clahe/LAT/TB0_3-5-31-LAT.jpg,train,1
328,pTBred,3-5-32,13.75,3,1,M,ltbi,0,0,0,no,no,no,unknown,yes,yes,/mnt/nfs/projects/CXR-TB/RESULTS/nmessino/DEV/pTB_LungRegionExtractor/RESULTS/resultados_nuevos/cropped_clahe/AP/TB0_3-5-32-AP.jpg,-1,train,3
329,pTBred,3-5-33,14.33,3,1,F,ltbi,0,0,0,yes,yes,no,no,no,unknown,/mnt/nfs/projects/CXR-TB/RESULTS/nmessino/DEV/pTB_LungRegionExtractor/RESULTS/resultados_nuevos/cropped_clahe/AP/TB0_3-5-33-AP.jpg,-1,-1
330,pTBred,3-5-34,11.0,2,1,M,ltbi,0,0,0,no,no,no,unknown,yes,unknown,/mnt/nfs/projects/CXR-TB/RESULTS/nmessino/DEV/pTB_LungRegionExtractor/RESULTS/resultados_nuevos/cropped_clahe/AP/TB0_3-5-34-AP.jpg,-1,train,4
331,pTBred,3-5-35,13.08,3,1,F,ltbi,0,0,0,no,no,no,unknown,yes,unknown,/mnt/nfs/projects/CXR-TB/RESULTS/nmessino/DEV/pTB_LungRegionExtractor/RESULTS/resultados_nuevos/cropped_clahe/AP/TB0_3-5-35-AP.jpg,-1,-1
332,pTBred,3-5-36,12.5,3,1,F,ltbi,0,0,0,yes,no,no,unknown,no,unknown,/mnt/nfs/projects/CXR-TB/RESULTS/nmessino/DEV/pTB_LungRegionExtractor/RESULTS/resultados_nuevos/cropped_clahe/AP/TB0_3-5-36-AP.jpg,-1,train,4
333,pTBred,3-5-37,2.42,1,0,F,ltbi,0,0,0,no,no,no,unknown,yes,unknown,/mnt/nfs/projects/CXR-TB/RESULTS/nmessino/DEV/pTB_LungRegionExtractor/RESULTS/resultados_nuevos/cropped_clahe/AP/TB0_3-5-37-AP.jpg,/mnt/nfs/projects/CXR-TB/RESULTS/nmessino/DEV/pTB_LungRegionExtractor/RESULTS/resultados_nuevos/cropped_clahe/LAT/TB0_3-5-37-LAT.jpg,train,3
334,pTBred,3-5-39,10.67,2,1,M,ltbi,0,0,0,no,no,no,unknown,no,unknown,/mnt/nfs/projects/CXR-TB/RESULTS/nmessino/DEV/pTB_LungRegionExtractor/RESULTS/resultados_nuevos/cropped_clahe/AP/TB0_3-5-39-AP.jpg,-1,train,2
335,pTBred,3-5-4,8.33,2,1,M,ltbi,0,0,0,no,no,no,no,yes,unknown,/mnt/nfs/projects/CXR-TB/RESULTS/nmessino/DEV/pTB_LungRegionExtractor/RESULTS/resultados_nuevos/cropped_clahe/AP/TB0_3-5-4-AP.jpg,-1,train,4
336,pTBred,3-5-40,10.0,2,1,F,ltbi,0,0,0,no,no,no,unknown,yes,unknown,/mnt/nfs/projects/CXR-TB/RESULTS/nmessino/DEV/pTB_LungRegionExtractor/RESULTS/resultados_nuevos/cropped_clahe/AP/TB0_3-5-40-AP.jpg,-1,-1
337,pTBred,3-5-41,11.58,2,1,M,ltbi,0,0,0,no,no,no,unknown,yes,unknown,/mnt/nfs/projects/CXR-TB/RESULTS/nmessino/DEV/pTB_LungRegionExtractor/RESULTS/resultados_nuevos/cropped_clahe/AP/TB0_3-5-41-AP.jpg,-1,-1
338,pTBred,3-5-42,14.33,3,1,M,ltbi,0,0,0,no,no,no,unknown,yes,unknown,/mnt/nfs/projects/CXR-TB/RESULTS/nmessino/DEV/pTB_LungRegionExtractor/RESULTS/resultados_nuevos/cropped_clahe/AP/TB0_3-5-42-AP.jpg,-1,-1
339,pTBred,3-5-43,6.08,2,1,F,ltbi,0,0,0,no,no,no,unknown,yes,unknown,/mnt/nfs/projects/CXR-TB/RESULTS/nmessino/DEV/pTB_LungRegionExtractor/RESULTS/resultados_nuevos/cropped_clahe/AP/TB0_3-5-43-AP.jpg,-1,-1
340,pTBred,3-5-5,13.08,3,1,M,ltbi,0,0,0,no,no,no,no,yes,unknown,/mnt/nfs/projects/CXR-TB/RESULTS/nmessino/DEV/pTB_LungRegionExtractor/RESULTS/resultados_nuevos/cropped_clahe/AP/TB0_3-5-5-AP.jpg,-1,train,4
341,pTBred,3-5-6,14.17,3,1,F,ltbi,0,0,0,no,no,no,no,no,unknown,/mnt/nfs/projects/CXR-TB/RESULTS/nmessino/DEV/pTB_LungRegionExtractor/RESULTS/resultados_nuevos/cropped_clahe/AP/TB0_3-5-6-AP.jpg,-1,-1
342,pTBred,3-5-7,2.25,1,0,M,ltbi,0,0,0,no,no,no,no,no,yes,/mnt/nfs/projects/CXR-TB/RESULTS/nmessino/DEV/pTB_LungRegionExtractor/RESULTS/resultados_nuevos/cropped_clahe/AP/TB0_3-5-7-AP.jpg,-1,train,3
343,pTBred,3-5-8,15.75,3,1,F,ltbi,0,0,0,no,no,no,no,yes,unknown,/mnt/nfs/projects/CXR-TB/RESULTS/nmessino/DEV/pTB_LungRegionExtractor/RESULTS/resultados_nuevos/cropped_clahe/AP/TB0_3-5-8-AP.jpg,-1,train,0
344,pTBred,3-5-9,6.58,2,1,F,ltbi,0,0,0,no,no,no,no,yes,unknown,/mnt/nfs/projects/CXR-TB/RESULTS/nmessino/DEV/pTB_LungRegionExtractor/RESULTS/resultados_nuevos/cropped_clahe/AP/TB0_3-5-9-AP.jpg,/mnt/nfs/projects/CXR-TB/RESULTS/nmessino/DEV/pTB_LungRegionExtractor/RESULTS/resultados_nuevos/cropped_clahe/LAT/TB0_3-5-9-LAT.jpg,train,2
345,pTBred,5-3-1-1,2.08,1,0,M,control,0,0,0,no,no,no,no,no,no,/mnt/nfs/projects/CXR-TB/RESULTS/nmessino/DEV/pTB_LungRegionExtractor/RESULTS/resultados_nuevos/cropped_clahe/AP/TB0_5-3-1-1-AP.jpg,-1,train,4
346,pTBred,5-3-1-10,0.08,1,0,F,control,0,0,0,no,no,no,no,no,no,/mnt/nfs/projects/CXR-TB/RESULTS/nmessino/DEV/pTB_LungRegionExtractor/RESULTS/resultados_nuevos/cropped_clahe/AP/TB0_5-3-1-10-AP.jpg,-1,train,0
347,pTBred,5-3-1-11,0.08,1,0,M,control,0,0,0,no,no,no,yes,no,no,/mnt/nfs/projects/CXR-TB/RESULTS/nmessino/DEV/pTB_LungRegionExtractor/RESULTS/resultados_nuevos/cropped_clahe/AP/TB0_5-3-1-11-AP.jpg,-1,train,3
348,pTBred,5-3-1-12,1.42,1,0,M,control,0,0,0,no,no,no,no,no,no,/mnt/nfs/projects/CXR-TB/RESULTS/nmessino/DEV/pTB_LungRegionExtractor/RESULTS/resultados_nuevos/cropped_clahe/AP/TB0_5-3-1-12-AP.jpg,-1,train,0
349,pTBred,5-3-1-13,1.42,1,0,M,control,0,0,0,no,no,no,no,no,no,/mnt/nfs/projects/CXR-TB/RESULTS/nmessino/DEV/pTB_LungRegionExtractor/RESULTS/resultados_nuevos/cropped_clahe/AP/TB0_5-3-1-13-AP.jpg,-1,train,1
350,pTBred,5-3-1-14,0.17,1,0,M,control,0,0,0,no,no,no,no,no,no,/mnt/nfs/projects/CXR-TB/RESULTS/nmessino/DEV/pTB_LungRegionExtractor/RESULTS/resultados_nuevos/cropped_clahe/AP/TB0_5-3-1-14-AP.jpg,-1,train,0
351,pTBred,5-3-1-15,1.0,1,0,M,control,0,0,0,no,no,no,no,no,no,/mnt/nfs/projects/CXR-TB/RESULTS/nmessino/DEV/pTB_LungRegionExtractor/RESULTS/resultados_nuevos/cropped_clahe/AP/TB0_5-3-1-15-AP.jpg,-1,train,0
352,pTBred,5-3-1-17,2.08,1,0,F,control,0,0,0,no,no,no,no,no,no,/mnt/nfs/projects/CXR-TB/RESULTS/nmessino/DEV/pTB_LungRegionExtractor/RESULTS/resultados_nuevos/cropped_clahe/AP/TB0_5-3-1-17-AP.jpg,-1,train,4
353,pTBred,5-3-1-18,1.33,1,0,F,control,0,0,0,no,no,no,no,no,no,/mnt/nfs/projects/CXR-TB/RESULTS/nmessino/DEV/pTB_LungRegionExtractor/RESULTS/resultados_nuevos/cropped_clahe/AP/TB0_5-3-1-18-AP.jpg,-1,train,1
354,pTBred,5-3-1-19,1.75,1,0,F,control,0,0,0,no,no,no,no,no,no,/mnt/nfs/projects/CXR-TB/RESULTS/nmessino/DEV/pTB_LungRegionExtractor/RESULTS/resultados_nuevos/cropped_clahe/AP/TB0_5-3-1-19-AP.jpg,-1,train,1
355,pTBred,5-3-1-2,1.33,1,0,F,control,0,0,1,no,no,no,no,no,no,/mnt/nfs/projects/CXR-TB/RESULTS/nmessino/DEV/pTB_LungRegionExtractor/RESULTS/resultados_nuevos/cropped_clahe/AP/TB0_5-3-1-2-AP.jpg,-1,train,3
356,pTBred,5-3-1-20,1.75,1,0,F,control,0,0,0,no,no,no,no,no,no,/mnt/nfs/projects/CXR-TB/RESULTS/nmessino/DEV/pTB_LungRegionExtractor/RESULTS/resultados_nuevos/cropped_clahe/AP/TB0_5-3-1-20-AP.jpg,-1,train,4
357,pTBred,5-3-1-21,1.75,1,0,F,control,0,0,0,no,no,no,no,no,no,/mnt/nfs/projects/CXR-TB/RESULTS/nmessino/DEV/pTB_LungRegionExtractor/RESULTS/resultados_nuevos/cropped_clahe/AP/TB0_5-3-1-21-AP.jpg,-1,train,0
358,pTBred,5-3-1-22,2.75,1,0,M,control,0,0,0,no,no,no,no,no,no,/mnt/nfs/projects/CXR-TB/RESULTS/nmessino/DEV/pTB_LungRegionExtractor/RESULTS/resultados_nuevos/cropped_clahe/AP/TB0_5-3-1-22-AP.jpg,-1,train,4
359,pTBred,5-3-1-23,2.08,1,0,F,control,0,0,0,no,no,no,no,no,no,/mnt/nfs/projects/CXR-TB/RESULTS/nmessino/DEV/pTB_LungRegionExtractor/RESULTS/resultados_nuevos/cropped_clahe/AP/TB0_5-3-1-23-AP.jpg,-1,train,0
360,pTBred,5-3-1-24,1.83,1,0,M,control,0,0,1,no,no,no,no,no,no,/mnt/nfs/projects/CXR-TB/RESULTS/nmessino/DEV/pTB_LungRegionExtractor/RESULTS/resultados_nuevos/cropped_clahe/AP/TB0_5-3-1-24-AP.jpg,-1,train,1
361,pTBred,5-3-1-25,1.58,1,0,M,control,0,0,0,no,no,no,no,no,no,/mnt/nfs/projects/CXR-TB/RESULTS/nmessino/DEV/pTB_LungRegionExtractor/RESULTS/resultados_nuevos/cropped_clahe/AP/TB0_5-3-1-25-AP.jpg,-1,train,2
362,pTBred,5-3-1-26,0.25,1,0,M,control,0,0,0,no,no,no,no,no,no,/mnt/nfs/projects/CXR-TB/RESULTS/nmessino/DEV/pTB_LungRegionExtractor/RESULTS/resultados_nuevos/cropped_clahe/AP/TB0_5-3-1-26-AP.jpg,-1,train,0
363,pTBred,5-3-1-27,2.33,1,0,F,control,0,0,0,no,no,no,no,no,no,/mnt/nfs/projects/CXR-TB/RESULTS/nmessino/DEV/pTB_LungRegionExtractor/RESULTS/resultados_nuevos/cropped_clahe/AP/TB0_5-3-1-27-AP.jpg,-1,train,3
364,pTBred,5-3-1-28,0.17,1,0,F,control,0,0,0,no,no,no,no,no,no,/mnt/nfs/projects/CXR-TB/RESULTS/nmessino/DEV/pTB_LungRegionExtractor/RESULTS/resultados_nuevos/cropped_clahe/AP/TB0_5-3-1-28-AP.jpg,-1,train,4
365,pTBred,5-3-1-29,1.5,1,0,F,control,0,0,0,no,no,no,no,no,no,/mnt/nfs/projects/CXR-TB/RESULTS/nmessino/DEV/pTB_LungRegionExtractor/RESULTS/resultados_nuevos/cropped_clahe/AP/TB0_5-3-1-29-AP.jpg,-1,train,1
366,pTBred,5-3-1-3,2.75,1,0,M,control,0,0,0,no,no,no,no,no,no,/mnt/nfs/projects/CXR-TB/RESULTS/nmessino/DEV/pTB_LungRegionExtractor/RESULTS/resultados_nuevos/cropped_clahe/AP/TB0_5-3-1-3-AP.jpg,-1,train,0
367,pTBred,5-3-1-30,0.25,1,0,F,control,0,0,0,no,no,no,no,no,no,/mnt/nfs/projects/CXR-TB/RESULTS/nmessino/DEV/pTB_LungRegionExtractor/RESULTS/resultados_nuevos/cropped_clahe/AP/TB0_5-3-1-30-AP.jpg,-1,train,4
368,pTBred,5-3-1-31,0.42,1,0,F,control,0,0,0,no,no,no,no,no,no,/mnt/nfs/projects/CXR-TB/RESULTS/nmessino/DEV/pTB_LungRegionExtractor/RESULTS/resultados_nuevos/cropped_clahe/AP/TB0_5-3-1-31-AP.jpg,-1,train,0
369,pTBred,5-3-1-32,2.58,1,0,M,control,0,0,0,no,no,no,no,no,no,/mnt/nfs/projects/CXR-TB/RESULTS/nmessino/DEV/pTB_LungRegionExtractor/RESULTS/resultados_nuevos/cropped_clahe/AP/TB0_5-3-1-32-AP.jpg,-1,train,0
370,pTBred,5-3-1-33,2.42,1,0,F,control,0,0,0,no,no,no,no,no,no,/mnt/nfs/projects/CXR-TB/RESULTS/nmessino/DEV/pTB_LungRegionExtractor/RESULTS/resultados_nuevos/cropped_clahe/AP/TB0_5-3-1-33-AP.jpg,-1,train,2
371,pTBred,5-3-1-34,1.42,1,0,M,control,0,0,0,no,no,no,no,no,no,/mnt/nfs/projects/CXR-TB/RESULTS/nmessino/DEV/pTB_LungRegionExtractor/RESULTS/resultados_nuevos/cropped_clahe/AP/TB0_5-3-1-34-AP.jpg,-1,train,4
372,pTBred,5-3-1-4,1.92,1,0,F,control,0,0,0,no,no,no,no,no,no,/mnt/nfs/projects/CXR-TB/RESULTS/nmessino/DEV/pTB_LungRegionExtractor/RESULTS/resultados_nuevos/cropped_clahe/AP/TB0_5-3-1-4-AP.jpg,-1,train,4
373,pTBred,5-3-1-5,1.0,1,0,M,control,0,0,1,no,no,no,no,no,no,/mnt/nfs/projects/CXR-TB/RESULTS/nmessino/DEV/pTB_LungRegionExtractor/RESULTS/resultados_nuevos/cropped_clahe/AP/TB0_5-3-1-5-AP.jpg,-1,train,4
374,pTBred,5-3-1-6,1.67,1,0,F,control,0,0,0,no,no,no,no,no,no,/mnt/nfs/projects/CXR-TB/RESULTS/nmessino/DEV/pTB_LungRegionExtractor/RESULTS/resultados_nuevos/cropped_clahe/AP/TB0_5-3-1-6-AP.jpg,-1,train,3
375,pTBred,5-3-1-7,2.92,1,0,F,control,0,0,0,no,no,no,no,no,no,/mnt/nfs/projects/CXR-TB/RESULTS/nmessino/DEV/pTB_LungRegionExtractor/RESULTS/resultados_nuevos/cropped_clahe/AP/TB0_5-3-1-7-AP.jpg,-1,train,2
376,pTBred,5-3-1-8,1.0,1,0,M,control,0,0,0,no,no,no,no,no,no,/mnt/nfs/projects/CXR-TB/RESULTS/nmessino/DEV/pTB_LungRegionExtractor/RESULTS/resultados_nuevos/cropped_clahe/AP/TB0_5-3-1-8-AP.jpg,-1,train,2
377,pTBred,5-3-1-9,2.5,1,0,F,control,0,0,0,no,no,no,no,no,no,/mnt/nfs/projects/CXR-TB/RESULTS/nmessino/DEV/pTB_LungRegionExtractor/RESULTS/resultados_nuevos/cropped_clahe/AP/TB0_5-3-1-9-AP.jpg,-1,train,4
378,pTBred,5-3-2-10,9.25,2,1,M,control,0,0,0,no,no,no,no,no,no,/mnt/nfs/projects/CXR-TB/RESULTS/nmessino/DEV/pTB_LungRegionExtractor/RESULTS/resultados_nuevos/cropped_clahe/AP/TB0_5-3-2-10-AP.jpg,-1,train,4
379,pTBred,5-3-2-12,6.08,2,1,F,control,0,0,0,no,no,no,no,no,no,/mnt/nfs/projects/CXR-TB/RESULTS/nmessino/DEV/pTB_LungRegionExtractor/RESULTS/resultados_nuevos/cropped_clahe/AP/TB0_5-3-2-12-AP.jpg,-1,train,1
380,pTBred,5-3-2-13,9.0,2,1,M,control,0,0,0,no,no,no,no,no,no,/mnt/nfs/projects/CXR-TB/RESULTS/nmessino/DEV/pTB_LungRegionExtractor/RESULTS/resultados_nuevos/cropped_clahe/AP/TB0_5-3-2-13-AP.jpg,-1,-1
381,pTBred,5-3-2-14,9.08,2,1,M,control,0,0,0,no,no,no,no,no,no,/mnt/nfs/projects/CXR-TB/RESULTS/nmessino/DEV/pTB_LungRegionExtractor/RESULTS/resultados_nuevos/cropped_clahe/AP/TB0_5-3-2-14-AP.jpg,-1,train,1
382,pTBred,5-3-2-15,5.75,2,1,F,control,0,0,1,no,no,no,no,no,no,/mnt/nfs/projects/CXR-TB/RESULTS/nmessino/DEV/pTB_LungRegionExtractor/RESULTS/resultados_nuevos/cropped_clahe/AP/TB0_5-3-2-15-AP.jpg,-1,train,0
383,pTBred,5-3-2-16,4.92,2,0,M,control,0,0,0,no,no,no,no,no,no,/mnt/nfs/projects/CXR-TB/RESULTS/nmessino/DEV/pTB_LungRegionExtractor/RESULTS/resultados_nuevos/cropped_clahe/AP/TB0_5-3-2-16-AP.jpg,-1,train,2
384,pTBred,5-3-2-17,7.92,2,1,F,control,0,0,0,no,no,no,no,no,no,/mnt/nfs/projects/CXR-TB/RESULTS/nmessino/DEV/pTB_LungRegionExtractor/RESULTS/resultados_nuevos/cropped_clahe/AP/TB0_5-3-2-17-AP.jpg,-1,train,3
385,pTBred,5-3-2-18,10.75,2,1,F,control,0,0,0,no,no,no,no,no,no,/mnt/nfs/projects/CXR-TB/RESULTS/nmessino/DEV/pTB_LungRegionExtractor/RESULTS/resultados_nuevos/cropped_clahe/AP/TB0_5-3-2-18-AP.jpg,-1,train,4
386,pTBred,5-3-2-19,10.75,2,1,F,control,0,0,0,no,no,no,no,no,no,/mnt/nfs/projects/CXR-TB/RESULTS/nmessino/DEV/pTB_LungRegionExtractor/RESULTS/resultados_nuevos/cropped_clahe/AP/TB0_5-3-2-19-AP.jpg,-1,train,3
387,pTBred,5-3-2-2,9.25,2,1,F,control,0,0,0,no,no,no,no,no,no,/mnt/nfs/projects/CXR-TB/RESULTS/nmessino/DEV/pTB_LungRegionExtractor/RESULTS/resultados_nuevos/cropped_clahe/AP/TB0_5-3-2-2-AP.jpg,-1,train,2
388,pTBred,5-3-2-20,7.08,2,1,F,control,0,0,1,no,no,no,no,no,no,/mnt/nfs/projects/CXR-TB/RESULTS/nmessino/DEV/pTB_LungRegionExtractor/RESULTS/resultados_nuevos/cropped_clahe/AP/TB0_5-3-2-20-AP.jpg,-1,-1
389,pTBred,5-3-2-21,10.0,2,1,F,control,0,0,0,no,no,no,no,no,no,/mnt/nfs/projects/CXR-TB/RESULTS/nmessino/DEV/pTB_LungRegionExtractor/RESULTS/resultados_nuevos/cropped_clahe/AP/TB0_5-3-2-21-AP.jpg,-1,train,0
390,pTBred,5-3-2-22,9.33,2,1,F,control,0,0,0,no,no,no,no,no,no,/mnt/nfs/projects/CXR-TB/RESULTS/nmessino/DEV/pTB_LungRegionExtractor/RESULTS/resultados_nuevos/cropped_clahe/AP/TB0_5-3-2-22-AP.jpg,-1,train,1
391,pTBred,5-3-2-24,10.75,2,1,F,control,0,0,0,no,no,no,no,no,no,/mnt/nfs/projects/CXR-TB/RESULTS/nmessino/DEV/pTB_LungRegionExtractor/RESULTS/resultados_nuevos/cropped_clahe/AP/TB0_5-3-2-24-AP.jpg,-1,-1
392,pTBred,5-3-2-25,9.25,2,1,F,control,0,0,0,no,no,no,no,no,no,/mnt/nfs/projects/CXR-TB/RESULTS/nmessino/DEV/pTB_LungRegionExtractor/RESULTS/resultados_nuevos/cropped_clahe/AP/TB0_5-3-2-25-AP.jpg,/mnt/nfs/projects/CXR-TB/RESULTS/nmessino/DEV/pTB_LungRegionExtractor/RESULTS/resultados_nuevos/cropped_clahe/LAT/TB0_5-3-2-25-LAT.jpg,train,0
393,pTBred,5-3-2-26,5.58,2,1,M,control,0,0,0,no,no,no,no,no,no,/mnt/nfs/projects/CXR-TB/RESULTS/nmessino/DEV/pTB_LungRegionExtractor/RESULTS/resultados_nuevos/cropped_clahe/AP/TB0_5-3-2-26-AP.jpg,-1,train,3
394,pTBred,5-3-2-27,3.33,2,0,F,control,0,0,0,no,no,no,no,no,no,/mnt/nfs/projects/CXR-TB/RESULTS/nmessino/DEV/pTB_LungRegionExtractor/RESULTS/resultados_nuevos/cropped_clahe/AP/TB0_5-3-2-27-AP.jpg,-1,train,2
395,pTBred,5-3-2-28,4.17,2,0,F,control,0,0,0,no,no,no,no,no,no,/mnt/nfs/projects/CXR-TB/RESULTS/nmessino/DEV/pTB_LungRegionExtractor/RESULTS/resultados_nuevos/cropped_clahe/AP/TB0_5-3-2-28-AP.jpg,-1,train,1
396,pTBred,5-3-2-29,7.17,2,1,F,control,0,0,0,no,no,no,no,no,no,/mnt/nfs/projects/CXR-TB/RESULTS/nmessino/DEV/pTB_LungRegionExtractor/RESULTS/resultados_nuevos/cropped_clahe/AP/TB0_5-3-2-29-AP.jpg,-1,train,0
397,pTBred,5-3-2-3,9.33,2,1,F,control,0,0,0,no,no,no,no,no,no,/mnt/nfs/projects/CXR-TB/RESULTS/nmessino/DEV/pTB_LungRegionExtractor/RESULTS/resultados_nuevos/cropped_clahe/AP/TB0_5-3-2-3-AP.jpg,-1,train,2
398,pTBred,5-3-2-31,5.67,2,1,F,control,0,0,0,no,no,no,no,no,no,/mnt/nfs/projects/CXR-TB/RESULTS/nmessino/DEV/pTB_LungRegionExtractor/RESULTS/resultados_nuevos/cropped_clahe/AP/TB0_5-3-2-31-AP.jpg,-1,train,4
399,pTBred,5-3-2-32,9.58,2,1,F,control,0,0,0,no,no,no,no,no,no,/mnt/nfs/projects/CXR-TB/RESULTS/nmessino/DEV/pTB_LungRegionExtractor/RESULTS/resultados_nuevos/cropped_clahe/AP/TB0_5-3-2-32-AP.jpg,-1,train,4
400,pTBred,5-3-2-33,10.42,2,1,M,control,0,0,0,no,no,no,no,no,no,/mnt/nfs/projects/CXR-TB/RESULTS/nmessino/DEV/pTB_LungRegionExtractor/RESULTS/resultados_nuevos/cropped_clahe/AP/TB0_5-3-2-33-AP.jpg,-1,-1
401,pTBred,5-3-2-34,4.83,2,0,M,control,0,0,0,no,no,no,no,no,no,/mnt/nfs/projects/CXR-TB/RESULTS/nmessino/DEV/pTB_LungRegionExtractor/RESULTS/resultados_nuevos/cropped_clahe/AP/TB0_5-3-2-34-AP.jpg,-1,train,1
402,pTBred,5-3-2-4,3.0,1,0,F,control,0,0,0,no,no,no,no,no,no,/mnt/nfs/projects/CXR-TB/RESULTS/nmessino/DEV/pTB_LungRegionExtractor/RESULTS/resultados_nuevos/cropped_clahe/AP/TB0_5-3-2-4-AP.jpg,-1,train,2
403,pTBred,5-3-2-5,6.92,2,1,M,control,0,0,0,no,no,no,no,no,no,/mnt/nfs/projects/CXR-TB/RESULTS/nmessino/DEV/pTB_LungRegionExtractor/RESULTS/resultados_nuevos/cropped_clahe/AP/TB0_5-3-2-5-AP.jpg,-1,-1
404,pTBred,5-3-2-6,3.67,2,0,M,control,0,0,0,no,no,no,no,no,no,/mnt/nfs/projects/CXR-TB/RESULTS/nmessino/DEV/pTB_LungRegionExtractor/RESULTS/resultados_nuevos/cropped_clahe/AP/TB0_5-3-2-6-AP.jpg,-1,train,1
405,pTBred,5-3-2-7,8.67,2,1,M,control,0,0,0,no,no,no,no,no,no,/mnt/nfs/projects/CXR-TB/RESULTS/nmessino/DEV/pTB_LungRegionExtractor/RESULTS/resultados_nuevos/cropped_clahe/AP/TB0_5-3-2-7-AP.jpg,-1,-1
406,pTBred,5-3-2-9,4.5,2,0,F,control,0,0,0,no,no,no,no,no,no,/mnt/nfs/projects/CXR-TB/RESULTS/nmessino/DEV/pTB_LungRegionExtractor/RESULTS/resultados_nuevos/cropped_clahe/AP/TB0_5-3-2-9-AP.jpg,-1,train,4
407,pTBred,5-3-3-1,14.75,3,1,F,control,0,0,0,no,no,no,no,no,no,/mnt/nfs/projects/CXR-TB/RESULTS/nmessino/DEV/pTB_LungRegionExtractor/RESULTS/resultados_nuevos/cropped_clahe/AP/TB0_5-3-3-1-AP.jpg,-1,train,2
408,pTBred,5-3-3-10,12.5,3,1,F,control,0,0,0,no,no,no,no,no,no,/mnt/nfs/projects/CXR-TB/RESULTS/nmessino/DEV/pTB_LungRegionExtractor/RESULTS/resultados_nuevos/cropped_clahe/AP/TB0_5-3-3-10-AP.jpg,/mnt/nfs/projects/CXR-TB/RESULTS/nmessino/DEV/pTB_LungRegionExtractor/RESULTS/resultados_nuevos/cropped_clahe/LAT/TB0_5-3-3-10-LAT.jpg,train,0
409,pTBred,5-3-3-11,1.58,1,0,M,control,0,0,0,no,no,no,no,no,no,/mnt/nfs/projects/CXR-TB/RESULTS/nmessino/DEV/pTB_LungRegionExtractor/RESULTS/resultados_nuevos/cropped_clahe/AP/TB0_5-3-3-11-AP.jpg,-1,train,1
410,pTBred,5-3-3-12,12.58,3,1,M,control,0,0,0,no,no,no,no,no,no,/mnt/nfs/projects/CXR-TB/RESULTS/nmessino/DEV/pTB_LungRegionExtractor/RESULTS/resultados_nuevos/cropped_clahe/AP/TB0_5-3-3-12-AP.jpg,-1,train,3
411,pTBred,5-3-3-13,14.0,3,1,M,control,0,0,1,no,no,no,no,no,no,/mnt/nfs/projects/CXR-TB/RESULTS/nmessino/DEV/pTB_LungRegionExtractor/RESULTS/resultados_nuevos/cropped_clahe/AP/TB0_5-3-3-13-AP.jpg,-1,train,0
412,pTBred,5-3-3-14,11.58,2,1,F,control,0,0,0,no,no,no,no,no,no,/mnt/nfs/projects/CXR-TB/RESULTS/nmessino/DEV/pTB_LungRegionExtractor/RESULTS/resultados_nuevos/cropped_clahe/AP/TB0_5-3-3-14-AP.jpg,-1,train,4
413,pTBred,5-3-3-15,13.83,3,1,F,control,0,0,0,no,no,no,no,no,no,/mnt/nfs/projects/CXR-TB/RESULTS/nmessino/DEV/pTB_LungRegionExtractor/RESULTS/resultados_nuevos/cropped_clahe/AP/TB0_5-3-3-15-AP.jpg,-1,train,3
414,pTBred,5-3-3-16,11.0,2,1,M,control,0,0,0,no,no,no,no,no,no,/mnt/nfs/projects/CXR-TB/RESULTS/nmessino/DEV/pTB_LungRegionExtractor/RESULTS/resultados_nuevos/cropped_clahe/AP/TB0_5-3-3-16-AP.jpg,-1,train,4
415,pTBred,5-3-3-17,13.17,3,1,M,control,0,0,0,no,no,no,no,no,no,/mnt/nfs/projects/CXR-TB/RESULTS/nmessino/DEV/pTB_LungRegionExtractor/RESULTS/resultados_nuevos/cropped_clahe/AP/TB0_5-3-3-17-AP.jpg,-1,-1
416,pTBred,5-3-3-18,11.42,2,1,F,control,0,0,0,no,no,no,no,no,no,/mnt/nfs/projects/CXR-TB/RESULTS/nmessino/DEV/pTB_LungRegionExtractor/RESULTS/resultados_nuevos/cropped_clahe/AP/TB0_5-3-3-18-AP.jpg,-1,-1
417,pTBred,5-3-3-19,13.08,3,1,M,control,0,0,0,no,no,no,no,no,no,/mnt/nfs/projects/CXR-TB/RESULTS/nmessino/DEV/pTB_LungRegionExtractor/RESULTS/resultados_nuevos/cropped_clahe/AP/TB0_5-3-3-19-AP.jpg,-1,train,4
418,pTBred,5-3-3-2,13.17,3,1,M,control,0,0,0,no,no,no,no,no,no,/mnt/nfs/projects/CXR-TB/RESULTS/nmessino/DEV/pTB_LungRegionExtractor/RESULTS/resultados_nuevos/cropped_clahe/AP/TB0_5-3-3-2-AP.jpg,-1,-1
419,pTBred,5-3-3-20,12.92,3,1,F,control,0,0,0,no,no,no,no,no,no,/mnt/nfs/projects/CXR-TB/RESULTS/nmessino/DEV/pTB_LungRegionExtractor/RESULTS/resultados_nuevos/cropped_clahe/AP/TB0_5-3-3-20-AP.jpg,-1,train,3
420,pTBred,5-3-3-21,12.83,3,1,F,control,0,0,0,no,no,no,no,no,no,/mnt/nfs/projects/CXR-TB/RESULTS/nmessino/DEV/pTB_LungRegionExtractor/RESULTS/resultados_nuevos/cropped_clahe/AP/TB0_5-3-3-21-AP.jpg,/mnt/nfs/projects/CXR-TB/RESULTS/nmessino/DEV/pTB_LungRegionExtractor/RESULTS/resultados_nuevos/cropped_clahe/LAT/TB0_5-3-3-21-LAT.jpg,train,1
421,pTBred,5-3-3-22,13.58,3,1,M,control,0,0,0,no,no,no,no,no,no,/mnt/nfs/projects/CXR-TB/RESULTS/nmessino/DEV/pTB_LungRegionExtractor/RESULTS/resultados_nuevos/cropped_clahe/AP/TB0_5-3-3-22-AP.jpg,-1,-1
422,pTBred,5-3-3-23,13.75,3,1,F,control,0,0,0,no,no,no,no,no,no,/mnt/nfs/projects/CXR-TB/RESULTS/nmessino/DEV/pTB_LungRegionExtractor/RESULTS/resultados_nuevos/cropped_clahe/AP/TB0_5-3-3-23-AP.jpg,-1,-1
423,pTBred,5-3-3-24,11.83,2,1,M,control,0,0,0,no,no,no,no,no,no,/mnt/nfs/projects/CXR-TB/RESULTS/nmessino/DEV/pTB_LungRegionExtractor/RESULTS/resultados_nuevos/cropped_clahe/AP/TB0_5-3-3-24-AP.jpg,-1,-1
424,pTBred,5-3-3-25,12.42,3,1,M,control,0,0,0,no,no,no,no,no,no,/mnt/nfs/projects/CXR-TB/RESULTS/nmessino/DEV/pTB_LungRegionExtractor/RESULTS/resultados_nuevos/cropped_clahe/AP/TB0_5-3-3-25-AP.jpg,-1,train,1
425,pTBred,5-3-3-26,11.67,2,1,F,control,0,0,0,no,no,no,no,no,no,/mnt/nfs/projects/CXR-TB/RESULTS/nmessino/DEV/pTB_LungRegionExtractor/RESULTS/resultados_nuevos/cropped_clahe/AP/TB0_5-3-3-26-AP.jpg,-1,-1
426,pTBred,5-3-3-27,12.92,3,1,F,control,0,0,1,no,no,no,no,no,no,/mnt/nfs/projects/CXR-TB/RESULTS/nmessino/DEV/pTB_LungRegionExtractor/RESULTS/resultados_nuevos/cropped_clahe/AP/TB0_5-3-3-27-AP.jpg,-1,train,1
427,pTBred,5-3-3-28,12.42,3,1,F,control,0,0,1,no,no,no,no,no,no,/mnt/nfs/projects/CXR-TB/RESULTS/nmessino/DEV/pTB_LungRegionExtractor/RESULTS/resultados_nuevos/cropped_clahe/AP/TB0_5-3-3-28-AP.jpg,-1,train,0
428,pTBred,5-3-3-29,11.17,2,1,M,control,0,0,0,no,no,no,no,no,no,/mnt/nfs/projects/CXR-TB/RESULTS/nmessino/DEV/pTB_LungRegionExtractor/RESULTS/resultados_nuevos/cropped_clahe/AP/TB0_5-3-3-29-AP.jpg,-1,train,0
429,pTBred,5-3-3-3,10.58,2,1,F,control,0,0,0,no,no,no,no,no,no,/mnt/nfs/projects/CXR-TB/RESULTS/nmessino/DEV/pTB_LungRegionExtractor/RESULTS/resultados_nuevos/cropped_clahe/AP/TB0_5-3-3-3-AP.jpg,-1,-1
430,pTBred,5-3-3-30,11.67,2,1,M,control,0,0,0,no,no,no,no,no,no,/mnt/nfs/projects/CXR-TB/RESULTS/nmessino/DEV/pTB_LungRegionExtractor/RESULTS/resultados_nuevos/cropped_clahe/AP/TB0_5-3-3-30-AP.jpg,-1,train,1
431,pTBred,5-3-3-31,12.67,3,1,F,control,0,0,0,no,no,no,no,no,no,/mnt/nfs/projects/CXR-TB/RESULTS/nmessino/DEV/pTB_LungRegionExtractor/RESULTS/resultados_nuevos/cropped_clahe/AP/TB0_5-3-3-31-AP.jpg,-1,train,4
432,pTBred,5-3-3-32,12.42,3,1,M,control,0,0,0,no,no,no,no,no,no,/mnt/nfs/projects/CXR-TB/RESULTS/nmessino/DEV/pTB_LungRegionExtractor/RESULTS/resultados_nuevos/cropped_clahe/AP/TB0_5-3-3-32-AP.jpg,-1,train,2
433,pTBred,5-3-3-33,15.0,3,1,M,control,0,0,0,no,no,no,no,no,no,/mnt/nfs/projects/CXR-TB/RESULTS/nmessino/DEV/pTB_LungRegionExtractor/RESULTS/resultados_nuevos/cropped_clahe/AP/TB0_5-3-3-33-AP.jpg,-1,train,3
434,pTBred,5-3-3-34,15.75,3,1,M,control,0,0,0,no,no,no,no,no,no,/mnt/nfs/projects/CXR-TB/RESULTS/nmessino/DEV/pTB_LungRegionExtractor/RESULTS/resultados_nuevos/cropped_clahe/AP/TB0_5-3-3-34-AP.jpg,-1,train,4
435,pTBred,5-3-3-4,13.5,3,1,F,control,0,0,0,no,no,no,no,no,no,/mnt/nfs/projects/CXR-TB/RESULTS/nmessino/DEV/pTB_LungRegionExtractor/RESULTS/resultados_nuevos/cropped_clahe/AP/TB0_5-3-3-4-AP.jpg,-1,-1
436,pTBred,5-3-3-5,14.58,3,1,M,control,0,0,1,no,no,no,no,no,no,/mnt/nfs/projects/CXR-TB/RESULTS/nmessino/DEV/pTB_LungRegionExtractor/RESULTS/resultados_nuevos/cropped_clahe/AP/TB0_5-3-3-5-AP.jpg,/mnt/nfs/projects/CXR-TB/RESULTS/nmessino/DEV/pTB_LungRegionExtractor/RESULTS/resultados_nuevos/cropped_clahe/LAT/TB0_5-3-3-5-LAT.jpg,train,2
437,pTBred,5-3-3-6,11.58,2,1,F,control,0,0,1,no,no,no,no,no,no,/mnt/nfs/projects/CXR-TB/RESULTS/nmessino/DEV/pTB_LungRegionExtractor/RESULTS/resultados_nuevos/cropped_clahe/AP/TB0_5-3-3-6-AP.jpg,-1,-1
438,pTBred,5-3-3-7,12.58,3,1,M,control,0,0,0,no,no,no,no,no,no,/mnt/nfs/projects/CXR-TB/RESULTS/nmessino/DEV/pTB_LungRegionExtractor/RESULTS/resultados_nuevos/cropped_clahe/AP/TB0_5-3-3-7-AP.jpg,-1,train,0
439,pTBred,5-3-3-8,14.25,3,1,F,control,0,0,0,no,no,no,no,no,no,/mnt/nfs/projects/CXR-TB/RESULTS/nmessino/DEV/pTB_LungRegionExtractor/RESULTS/resultados_nuevos/cropped_clahe/AP/TB0_5-3-3-8-AP.jpg,-1,train,2
440,pTBred,5-3-3-9,12.42,3,1,F,control,0,0,0,no,no,no,no,no,no,/mnt/nfs/projects/CXR-TB/RESULTS/nmessino/DEV/pTB_LungRegionExtractor/RESULTS/resultados_nuevos/cropped_clahe/AP/TB0_5-3-3-9-AP.jpg,-1,train,1
441,CISM,ITA2-0004,0.92,1,0,F,probable,1,0,1,no,no,yes,yes,no,yes,/mnt/nfs/projects/CXR-TB/RESULTS/nmessino/DEV/pTB_LungRegionExtractor/RESULTS/resultados_nuevos/cropped_clahe/AP/TB1_ITA2-0004-AP-20121203.jpg,/mnt/nfs/projects/CXR-TB/RESULTS/nmessino/DEV/pTB_LungRegionExtractor/RESULTS/resultados_nuevos/cropped_clahe/LAT/TB1_ITA2-0004-LAT-20121203.jpg,-1
442,CISM,ITA2-0016,1.67,1,0,F,unlikely,0,0,0,no,no,yes,no,no,yes,/mnt/nfs/projects/CXR-TB/RESULTS/nmessino/DEV/pTB_LungRegionExtractor/RESULTS/resultados_nuevos/cropped_clahe/AP/TB0_ITA2-0016-AP-20121115.jpg,/mnt/nfs/projects/CXR-TB/RESULTS/nmessino/DEV/pTB_LungRegionExtractor/RESULTS/resultados_nuevos/cropped_clahe/LAT/TB0_ITA2-0016-LAT-20121115.jpg,train,2
443,CISM,ITA2-0019,2.17,1,0,M,probable,1,1,1,no,no,yes,yes,no,yes,/mnt/nfs/projects/CXR-TB/RESULTS/nmessino/DEV/pTB_LungRegionExtractor/RESULTS/resultados_nuevos/cropped_clahe/AP/TB1_ITA2-0019-AP-20111101.jpg,-1,train,2
444,CISM,ITA2-0020,1.08,1,0,F,unlikely,0,0,0,no,no,yes,no,no,yes,/mnt/nfs/projects/CXR-TB/RESULTS/nmessino/DEV/pTB_LungRegionExtractor/RESULTS/resultados_nuevos/cropped_clahe/AP/TB0_ITA2-0020-AP-20120806.jpg,/mnt/nfs/projects/CXR-TB/RESULTS/nmessino/DEV/pTB_LungRegionExtractor/RESULTS/resultados_nuevos/cropped_clahe/LAT/TB0_ITA2-0020-LAT-20120806.jpg,-1
445,CISM,ITA2-0026,0.25,1,0,M,probable,1,0,1,no,no,no,no,yes,yes,/mnt/nfs/projects/CXR-TB/RESULTS/nmessino/DEV/pTB_LungRegionExtractor/RESULTS/resultados_nuevos/cropped_clahe/AP/TB1_ITA2-0026-AP-20130412.jpg,/mnt/nfs/projects/CXR-TB/RESULTS/nmessino/DEV/pTB_LungRegionExtractor/RESULTS/resultados_nuevos/cropped_clahe/LAT/TB1_ITA2-0026-LAT-20130412.jpg,-1
446,CISM,ITA2-0029,1.08,1,0,F,unlikely,0,0,0,no,no,yes,no,no,yes,/mnt/nfs/projects/CXR-TB/RESULTS/nmessino/DEV/pTB_LungRegionExtractor/RESULTS/resultados_nuevos/cropped_clahe/AP/TB0_ITA2-0029-AP-20120525.jpg,/mnt/nfs/projects/CXR-TB/RESULTS/nmessino/DEV/pTB_LungRegionExtractor/RESULTS/resultados_nuevos/cropped_clahe/LAT/TB0_ITA2-0029-LAT-20120525.jpg,-1
447,CISM,ITA2-0037,1.83,1,0,M,unlikely,0,0,0,no,no,yes,no,no,yes,/mnt/nfs/projects/CXR-TB/RESULTS/nmessino/DEV/pTB_LungRegionExtractor/RESULTS/resultados_nuevos/cropped_clahe/AP/TB0_ITA2-0037-AP-20130320.jpg,/mnt/nfs/projects/CXR-TB/RESULTS/nmessino/DEV/pTB_LungRegionExtractor/RESULTS/resultados_nuevos/cropped_clahe/LAT/TB0_ITA2-0037-LAT-20130320.jpg,train,3
448,CISM,ITA2-0041,1.58,1,0,M,unlikely,0,0,0,no,no,yes,no,no,yes,/mnt/nfs/projects/CXR-TB/RESULTS/nmessino/DEV/pTB_LungRegionExtractor/RESULTS/resultados_nuevos/cropped_clahe/AP/TB0_ITA2-0041-AP-20120809.jpg,/mnt/nfs/projects/CXR-TB/RESULTS/nmessino/DEV/pTB_LungRegionExtractor/RESULTS/resultados_nuevos/cropped_clahe/LAT/TB0_ITA2-0041-LAT-20120809.jpg,train,1
449,CISM,ITA2-0046,2.0,1,0,M,unlikely,0,0,0,no,no,yes,no,no,yes,/mnt/nfs/projects/CXR-TB/RESULTS/nmessino/DEV/pTB_LungRegionExtractor/RESULTS/resultados_nuevos/cropped_clahe/AP/TB0_ITA2-0046-AP-20130117.jpg,/mnt/nfs/projects/CXR-TB/RESULTS/nmessino/DEV/pTB_LungRegionExtractor/RESULTS/resultados_nuevos/cropped_clahe/LAT/TB0_ITA2-0046-LAT-20130117.jpg,-1
450,CISM,ITA2-0074,1.5,1,0,F,unlikely,0,0,0,no,yes,yes,no,no,yes,/mnt/nfs/projects/CXR-TB/RESULTS/nmessino/DEV/pTB_LungRegionExtractor/RESULTS/resultados_nuevos/cropped_clahe/AP/TB0_ITA2-0074-AP-20120911.jpg,/mnt/nfs/projects/CXR-TB/RESULTS/nmessino/DEV/pTB_LungRegionExtractor/RESULTS/resultados_nuevos/cropped_clahe/LAT/TB0_ITA2-0074-LAT-20120911.jpg,-1
451,CISM,ITA2-0075,2.42,1,0,F,unlikely,0,0,1,yes,no,no,no,no,yes,/mnt/nfs/projects/CXR-TB/RESULTS/nmessino/DEV/pTB_LungRegionExtractor/RESULTS/resultados_nuevos/cropped_clahe/AP/TB0_ITA2-0075-AP-20121017.jpg,/mnt/nfs/projects/CXR-TB/RESULTS/nmessino/DEV/pTB_LungRegionExtractor/RESULTS/resultados_nuevos/cropped_clahe/LAT/TB0_ITA2-0075-LAT-20121017.jpg,train,2
452,CISM,ITA2-0076,0.67,1,0,F,probable,1,1,1,no,no,yes,yes,no,yes,/mnt/nfs/projects/CXR-TB/RESULTS/nmessino/DEV/pTB_LungRegionExtractor/RESULTS/resultados_nuevos/cropped_clahe/AP/TB1_ITA2-0076-AP-20120911.jpg,/mnt/nfs/projects/CXR-TB/RESULTS/nmessino/DEV/pTB_LungRegionExtractor/RESULTS/resultados_nuevos/cropped_clahe/LAT/TB1_ITA2-0076-LAT-20120516.jpg,train,4
453,CISM,ITA2-0077,2.92,1,0,F,confirmed,1,1,1,yes,yes,no,no,yes,yes,/mnt/nfs/projects/CXR-TB/RESULTS/nmessino/DEV/pTB_LungRegionExtractor/RESULTS/resultados_nuevos/cropped_clahe/AP/TB1_ITA2-0077-AP-20120229.jpg,-1,train,1
454,CISM,ITA2-0078,0.67,1,0,F,possible,1,0,1,no,no,yes,no,no,yes,/mnt/nfs/projects/CXR-TB/RESULTS/nmessino/DEV/pTB_LungRegionExtractor/RESULTS/resultados_nuevos/cropped_clahe/AP/TB0_ITA2-0078-AP-20121105.jpg,/mnt/nfs/projects/CXR-TB/RESULTS/nmessino/DEV/pTB_LungRegionExtractor/RESULTS/resultados_nuevos/cropped_clahe/LAT/TB0_ITA2-0078-LAT-20121105.jpg,-1
455,CISM,ITA2-0079,0.58,1,0,M,unlikely,0,0,0,no,no,yes,yes,no,yes,/mnt/nfs/projects/CXR-TB/RESULTS/nmessino/DEV/pTB_LungRegionExtractor/RESULTS/resultados_nuevos/cropped_clahe/AP/TB0_ITA2-0079-AP-20120911.jpg,/mnt/nfs/projects/CXR-TB/RESULTS/nmessino/DEV/pTB_LungRegionExtractor/RESULTS/resultados_nuevos/cropped_clahe/LAT/TB0_ITA2-0079-LAT-20120911.jpg,train,2
456,CISM,ITA2-0080,1.08,1,0,F,unlikely,0,0,0,no,no,yes,no,no,yes,/mnt/nfs/projects/CXR-TB/RESULTS/nmessino/DEV/pTB_LungRegionExtractor/RESULTS/resultados_nuevos/cropped_clahe/AP/TB0_ITA2-0080-AP-20121012.jpg,/mnt/nfs/projects/CXR-TB/RESULTS/nmessino/DEV/pTB_LungRegionExtractor/RESULTS/resultados_nuevos/cropped_clahe/LAT/TB0_ITA2-0080-LAT-20121012.jpg,-1
457,CISM,ITA2-0081,1.33,1,0,F,unlikely,0,0,0,no,no,yes,no,no,yes,/mnt/nfs/projects/CXR-TB/RESULTS/nmessino/DEV/pTB_LungRegionExtractor/RESULTS/resultados_nuevos/cropped_clahe/AP/TB0_ITA2-0081-AP-20121012.jpg,/mnt/nfs/projects/CXR-TB/RESULTS/nmessino/DEV/pTB_LungRegionExtractor/RESULTS/resultados_nuevos/cropped_clahe/LAT/TB0_ITA2-0081-LAT-20121012.jpg,train,1
458,CISM,ITA2-0082,0.92,1,0,F,unlikely,0,0,0,no,no,yes,no,no,yes,/mnt/nfs/projects/CXR-TB/RESULTS/nmessino/DEV/pTB_LungRegionExtractor/RESULTS/resultados_nuevos/cropped_clahe/AP/TB0_ITA2-0082-AP-20121012.jpg,/mnt/nfs/projects/CXR-TB/RESULTS/nmessino/DEV/pTB_LungRegionExtractor/RESULTS/resultados_nuevos/cropped_clahe/LAT/TB0_ITA2-0082-LAT-20121012.jpg,train,1
459,CISM,ITA2-0083,0.58,1,0,F,possible,1,0,1,no,no,yes,yes,no,yes,/mnt/nfs/projects/CXR-TB/RESULTS/nmessino/DEV/pTB_LungRegionExtractor/RESULTS/resultados_nuevos/cropped_clahe/AP/TB0_ITA2-0083-AP-20121026.jpg,/mnt/nfs/projects/CXR-TB/RESULTS/nmessino/DEV/pTB_LungRegionExtractor/RESULTS/resultados_nuevos/cropped_clahe/LAT/TB0_ITA2-0083-LAT-20121016.jpg,-1
460,CISM,ITA2-0087,1.08,1,0,F,unlikely,0,0,0,no,no,yes,no,no,yes,/mnt/nfs/projects/CXR-TB/RESULTS/nmessino/DEV/pTB_LungRegionExtractor/RESULTS/resultados_nuevos/cropped_clahe/AP/TB0_ITA2-0087-AP-20121129.jpg,/mnt/nfs/projects/CXR-TB/RESULTS/nmessino/DEV/pTB_LungRegionExtractor/RESULTS/resultados_nuevos/cropped_clahe/LAT/TB0_ITA2-0087-LAT-20121129.jpg,train,2
461,CISM,ITA2-0092,2.58,1,0,M,possible,1,0,1,yes,no,no,yes,no,yes,/mnt/nfs/projects/CXR-TB/RESULTS/nmessino/DEV/pTB_LungRegionExtractor/RESULTS/resultados_nuevos/cropped_clahe/AP/TB0_ITA2-0092-AP-20121129.jpg,/mnt/nfs/projects/CXR-TB/RESULTS/nmessino/DEV/pTB_LungRegionExtractor/RESULTS/resultados_nuevos/cropped_clahe/LAT/TB0_ITA2-0092-LAT-20121129.jpg,-1
462,CISM,ITA2-0102,0.92,1,0,F,unlikely,0,0,0,no,no,no,no,yes,yes,/mnt/nfs/projects/CXR-TB/RESULTS/nmessino/DEV/pTB_LungRegionExtractor/RESULTS/resultados_nuevos/cropped_clahe/AP/TB0_ITA2-0102-AP-20130103.jpg,/mnt/nfs/projects/CXR-TB/RESULTS/nmessino/DEV/pTB_LungRegionExtractor/RESULTS/resultados_nuevos/cropped_clahe/LAT/TB0_ITA2-0102-LAT-20130103.jpg,-1
463,CISM,ITA2-0115,1.5,1,0,M,unlikely,0,0,0,no,no,yes,no,no,yes,/mnt/nfs/projects/CXR-TB/RESULTS/nmessino/DEV/pTB_LungRegionExtractor/RESULTS/resultados_nuevos/cropped_clahe/AP/TB0_ITA2-0115-AP-20121019.jpg,/mnt/nfs/projects/CXR-TB/RESULTS/nmessino/DEV/pTB_LungRegionExtractor/RESULTS/resultados_nuevos/cropped_clahe/LAT/TB0_ITA2-0115-LAT-20121019.jpg,train,3
464,CISM,ITA2-0122,1.67,1,0,M,unlikely,0,0,0,yes,no,yes,no,no,yes,/mnt/nfs/projects/CXR-TB/RESULTS/nmessino/DEV/pTB_LungRegionExtractor/RESULTS/resultados_nuevos/cropped_clahe/AP/TB0_ITA2-0122-AP-20121018.jpg,/mnt/nfs/projects/CXR-TB/RESULTS/nmessino/DEV/pTB_LungRegionExtractor/RESULTS/resultados_nuevos/cropped_clahe/LAT/TB0_ITA2-0122-LAT-20121018.jpg,train,3
465,CISM,ITA2-0128,2.0,1,0,F,unlikely,0,0,0,yes,no,no,no,yes,yes,/mnt/nfs/projects/CXR-TB/RESULTS/nmessino/DEV/pTB_LungRegionExtractor/RESULTS/resultados_nuevos/cropped_clahe/AP/TB0_ITA2-0128-AP-20121129.jpg,/mnt/nfs/projects/CXR-TB/RESULTS/nmessino/DEV/pTB_LungRegionExtractor/RESULTS/resultados_nuevos/cropped_clahe/LAT/TB0_ITA2-0128-LAT-20121129.jpg,-1
466,CISM,ITA2-0130,1.5,1,0,F,unlikely,0,0,0,yes,no,yes,no,no,yes,/mnt/nfs/projects/CXR-TB/RESULTS/nmessino/DEV/pTB_LungRegionExtractor/RESULTS/resultados_nuevos/cropped_clahe/AP/TB0_ITA2-0130-AP-20121122.jpg,/mnt/nfs/projects/CXR-TB/RESULTS/nmessino/DEV/pTB_LungRegionExtractor/RESULTS/resultados_nuevos/cropped_clahe/LAT/TB0_ITA2-0130-LAT-20121122.jpg,-1
467,CISM,ITA2-0133,2.17,1,0,M,unlikely,0,0,0,yes,yes,yes,no,yes,yes,/mnt/nfs/projects/CXR-TB/RESULTS/nmessino/DEV/pTB_LungRegionExtractor/RESULTS/resultados_nuevos/cropped_clahe/AP/TB0_ITA2-0133-AP-20121220.jpg,/mnt/nfs/projects/CXR-TB/RESULTS/nmessino/DEV/pTB_LungRegionExtractor/RESULTS/resultados_nuevos/cropped_clahe/LAT/TB0_ITA2-0133-LAT-20121220.jpg,train,3
468,CISM,ITA2-0169,2.0,1,0,F,unlikely,0,0,0,no,no,yes,no,no,yes,/mnt/nfs/projects/CXR-TB/RESULTS/nmessino/DEV/pTB_LungRegionExtractor/RESULTS/resultados_nuevos/cropped_clahe/AP/TB0_ITA2-0169-AP-20130118.jpg,/mnt/nfs/projects/CXR-TB/RESULTS/nmessino/DEV/pTB_LungRegionExtractor/RESULTS/resultados_nuevos/cropped_clahe/LAT/TB0_ITA2-0169-LAT-20130118.jpg,-1
469,CISM,ITA2-0176,0.83,1,0,M,unlikely,0,0,0,no,no,yes,no,no,yes,/mnt/nfs/projects/CXR-TB/RESULTS/nmessino/DEV/pTB_LungRegionExtractor/RESULTS/resultados_nuevos/cropped_clahe/AP/TB0_ITA2-0176-AP-20121203.jpg,/mnt/nfs/projects/CXR-TB/RESULTS/nmessino/DEV/pTB_LungRegionExtractor/RESULTS/resultados_nuevos/cropped_clahe/LAT/TB0_ITA2-0176-LAT-20121203.jpg,-1
470,CISM,ITA2-0193,1.08,1,0,M,unlikely,0,0,1,yes,no,no,no,no,yes,/mnt/nfs/projects/CXR-TB/RESULTS/nmessino/DEV/pTB_LungRegionExtractor/RESULTS/resultados_nuevos/cropped_clahe/AP/TB0_ITA2-0193-AP-20130117.jpg,/mnt/nfs/projects/CXR-TB/RESULTS/nmessino/DEV/pTB_LungRegionExtractor/RESULTS/resultados_nuevos/cropped_clahe/LAT/TB0_ITA2-0193-LAT-20130117.jpg,train,4
471,CISM,ITA2-0205,2.5,1,0,M,possible,1,0,1,no,yes,no,no,no,yes,/mnt/nfs/projects/CXR-TB/RESULTS/nmessino/DEV/pTB_LungRegionExtractor/RESULTS/resultados_nuevos/cropped_clahe/AP/TB0_ITA2-0205-AP-20121022.jpg,/mnt/nfs/projects/CXR-TB/RESULTS/nmessino/DEV/pTB_LungRegionExtractor/RESULTS/resultados_nuevos/cropped_clahe/LAT/TB0_ITA2-0205-LAT-20121022.jpg,-1
472,CISM,ITA2-0207,2.83,1,0,F,possible,1,0,1,no,no,yes,yes,no,yes,/mnt/nfs/projects/CXR-TB/RESULTS/nmessino/DEV/pTB_LungRegionExtractor/RESULTS/resultados_nuevos/cropped_clahe/AP/TB0_ITA2-0207-AP-20121022.jpg,/mnt/nfs/projects/CXR-TB/RESULTS/nmessino/DEV/pTB_LungRegionExtractor/RESULTS/resultados_nuevos/cropped_clahe/LAT/TB0_ITA2-0207-LAT-20121022.jpg,-1
473,CISM,ITA2-0209,1.17,1,0,M,unlikely,0,0,0,no,no,yes,no,no,yes,/mnt/nfs/projects/CXR-TB/RESULTS/nmessino/DEV/pTB_LungRegionExtractor/RESULTS/resultados_nuevos/cropped_clahe/AP/TB0_ITA2-0209-AP-20121122.jpg,/mnt/nfs/projects/CXR-TB/RESULTS/nmessino/DEV/pTB_LungRegionExtractor/RESULTS/resultados_nuevos/cropped_clahe/LAT/TB0_ITA2-0209-LAT-20121122.jpg,train,3
474,CISM,ITA2-0210,1.58,1,0,M,unlikely,0,0,0,yes,no,yes,no,no,yes,/mnt/nfs/projects/CXR-TB/RESULTS/nmessino/DEV/pTB_LungRegionExtractor/RESULTS/resultados_nuevos/cropped_clahe/AP/TB0_ITA2-0210-AP-20121122.jpg,/mnt/nfs/projects/CXR-TB/RESULTS/nmessino/DEV/pTB_LungRegionExtractor/RESULTS/resultados_nuevos/cropped_clahe/LAT/TB0_ITA2-0210-LAT-20121122.jpg,-1
475,CISM,ITA2-0212,1.67,1,0,M,unlikely,0,0,0,yes,no,yes,no,no,yes,/mnt/nfs/projects/CXR-TB/RESULTS/nmessino/DEV/pTB_LungRegionExtractor/RESULTS/resultados_nuevos/cropped_clahe/AP/TB0_ITA2-0212-AP-20120920.jpg,/mnt/nfs/projects/CXR-TB/RESULTS/nmessino/DEV/pTB_LungRegionExtractor/RESULTS/resultados_nuevos/cropped_clahe/LAT/TB0_ITA2-0212-LAT-20120920.jpg,train,3
476,CISM,ITA2-0213,1.42,1,0,F,unlikely,0,0,0,no,no,yes,no,no,yes,/mnt/nfs/projects/CXR-TB/RESULTS/nmessino/DEV/pTB_LungRegionExtractor/RESULTS/resultados_nuevos/cropped_clahe/AP/TB0_ITA2-0213-AP-20130123.jpg,/mnt/nfs/projects/CXR-TB/RESULTS/nmessino/DEV/pTB_LungRegionExtractor/RESULTS/resultados_nuevos/cropped_clahe/LAT/TB0_ITA2-0213-LAT-20130123.jpg,train,2
477,CISM,ITA2-0222,0.33,1,0,M,unlikely,0,0,0,yes,no,no,no,no,yes,/mnt/nfs/projects/CXR-TB/RESULTS/nmessino/DEV/pTB_LungRegionExtractor/RESULTS/resultados_nuevos/cropped_clahe/AP/TB0_ITA2-0222-AP-20121127.jpg,/mnt/nfs/projects/CXR-TB/RESULTS/nmessino/DEV/pTB_LungRegionExtractor/RESULTS/resultados_nuevos/cropped_clahe/LAT/TB0_ITA2-0222-LAT-20121127.jpg,train,4
478,CISM,ITA2-0230,1.92,1,0,M,unlikely,0,0,0,no,no,yes,no,no,yes,/mnt/nfs/projects/CXR-TB/RESULTS/nmessino/DEV/pTB_LungRegionExtractor/RESULTS/resultados_nuevos/cropped_clahe/AP/TB0_ITA2-0230-AP-20121116.jpg,/mnt/nfs/projects/CXR-TB/RESULTS/nmessino/DEV/pTB_LungRegionExtractor/RESULTS/resultados_nuevos/cropped_clahe/LAT/TB0_ITA2-0230-LAT-20121116.jpg,train,0
479,CISM,ITA2-0241,2.75,1,0,M,possible,1,0,1,no,no,yes,no,no,yes,/mnt/nfs/projects/CXR-TB/RESULTS/nmessino/DEV/pTB_LungRegionExtractor/RESULTS/resultados_nuevos/cropped_clahe/AP/TB0_ITA2-0241-AP-20121022.jpg,/mnt/nfs/projects/CXR-TB/RESULTS/nmessino/DEV/pTB_LungRegionExtractor/RESULTS/resultados_nuevos/cropped_clahe/LAT/TB0_ITA2-0241-LAT-20121022.jpg,train,4
480,CISM,ITA2-0243,2.92,1,0,F,unlikely,0,0,0,no,no,yes,no,no,yes,/mnt/nfs/projects/CXR-TB/RESULTS/nmessino/DEV/pTB_LungRegionExtractor/RESULTS/resultados_nuevos/cropped_clahe/AP/TB0_ITA2-0243-AP-20121121.jpg,/mnt/nfs/projects/CXR-TB/RESULTS/nmessino/DEV/pTB_LungRegionExtractor/RESULTS/resultados_nuevos/cropped_clahe/LAT/TB0_ITA2-0243-LAT-20121121.jpg,train,0
481,CISM,ITA2-0251,2.58,1,0,M,unlikely,0,0,1,no,no,yes,no,no,yes,/mnt/nfs/projects/CXR-TB/RESULTS/nmessino/DEV/pTB_LungRegionExtractor/RESULTS/resultados_nuevos/cropped_clahe/AP/TB0_ITA2-0251-AP-20120912.jpg,/mnt/nfs/projects/CXR-TB/RESULTS/nmessino/DEV/pTB_LungRegionExtractor/RESULTS/resultados_nuevos/cropped_clahe/LAT/TB0_ITA2-0251-LAT-20120912.jpg,train,2
482,CISM,ITA2-0254,2.17,1,0,F,probable,1,1,1,no,no,yes,yes,no,yes,/mnt/nfs/projects/CXR-TB/RESULTS/nmessino/DEV/pTB_LungRegionExtractor/RESULTS/resultados_nuevos/cropped_clahe/AP/TB1_ITA2-0254-AP-20120430.jpg,-1,train,2
483,CISM,ITA2-0259,1.42,1,0,F,unlikely,0,0,0,no,no,yes,no,no,yes,/mnt/nfs/projects/CXR-TB/RESULTS/nmessino/DEV/pTB_LungRegionExtractor/RESULTS/resultados_nuevos/cropped_clahe/AP/TB0_ITA2-0259-AP-20121116.jpg,/mnt/nfs/projects/CXR-TB/RESULTS/nmessino/DEV/pTB_LungRegionExtractor/RESULTS/resultados_nuevos/cropped_clahe/LAT/TB0_ITA2-0259-LAT-20121116.jpg,train,0
484,CISM,ITA2-0270,1.92,1,0,F,possible,1,0,1,no,no,yes,no,no,yes,/mnt/nfs/projects/CXR-TB/RESULTS/nmessino/DEV/pTB_LungRegionExtractor/RESULTS/resultados_nuevos/cropped_clahe/AP/TB0_ITA2-0270-AP-20120913.jpg,/mnt/nfs/projects/CXR-TB/RESULTS/nmessino/DEV/pTB_LungRegionExtractor/RESULTS/resultados_nuevos/cropped_clahe/LAT/TB0_ITA2-0270-LAT-20120913.jpg,train,0
485,CISM,ITA2-0273,2.42,1,0,F,unlikely,0,0,0,no,no,yes,no,no,yes,/mnt/nfs/projects/CXR-TB/RESULTS/nmessino/DEV/pTB_LungRegionExtractor/RESULTS/resultados_nuevos/cropped_clahe/AP/TB0_ITA2-0273-AP-20130117.jpg,/mnt/nfs/projects/CXR-TB/RESULTS/nmessino/DEV/pTB_LungRegionExtractor/RESULTS/resultados_nuevos/cropped_clahe/LAT/TB0_ITA2-0273-LAT-20130117.jpg,train,4
486,CISM,ITA2-0279,2.67,1,0,F,unlikely,0,0,0,no,no,yes,no,no,yes,/mnt/nfs/projects/CXR-TB/RESULTS/nmessino/DEV/pTB_LungRegionExtractor/RESULTS/resultados_nuevos/cropped_clahe/AP/TB0_ITA2-0279-AP-20121017.jpg,/mnt/nfs/projects/CXR-TB/RESULTS/nmessino/DEV/pTB_LungRegionExtractor/RESULTS/resultados_nuevos/cropped_clahe/LAT/TB0_ITA2-0279-LAT-20121017.jpg,train,4
487,CISM,ITA2-0282,0.67,1,0,F,confirmed,1,0,1,no,no,yes,no,yes,yes,/mnt/nfs/projects/CXR-TB/RESULTS/nmessino/DEV/pTB_LungRegionExtractor/RESULTS/resultados_nuevos/cropped_clahe/AP/TB1_ITA2-0282-AP-20121130.jpg,/mnt/nfs/projects/CXR-TB/RESULTS/nmessino/DEV/pTB_LungRegionExtractor/RESULTS/resultados_nuevos/cropped_clahe/LAT/TB1_ITA2-0282-LAT-20121130.jpg,-1
488,CISM,ITA2-0283,1.33,1,0,M,probable,1,1,1,yes,no,no,no,yes,yes,/mnt/nfs/projects/CXR-TB/RESULTS/nmessino/DEV/pTB_LungRegionExtractor/RESULTS/resultados_nuevos/cropped_clahe/AP/TB1_ITA2-0283-AP-20121130.jpg,/mnt/nfs/projects/CXR-TB/RESULTS/nmessino/DEV/pTB_LungRegionExtractor/RESULTS/resultados_nuevos/cropped_clahe/LAT/TB1_ITA2-0283-LAT-20121130.jpg,train,2
489,CISM,ITA2-0287,1.08,1,0,M,unlikely,0,0,0,no,no,yes,no,yes,yes,/mnt/nfs/projects/CXR-TB/RESULTS/nmessino/DEV/pTB_LungRegionExtractor/RESULTS/resultados_nuevos/cropped_clahe/AP/TB0_ITA2-0287-AP-20120912.jpg,/mnt/nfs/projects/CXR-TB/RESULTS/nmessino/DEV/pTB_LungRegionExtractor/RESULTS/resultados_nuevos/cropped_clahe/LAT/TB0_ITA2-0287-LAT-20120912.jpg,train,1
490,CISM,ITA2-0289,2.33,1,0,M,probable,1,1,1,no,no,yes,yes,no,yes,/mnt/nfs/projects/CXR-TB/RESULTS/nmessino/DEV/pTB_LungRegionExtractor/RESULTS/resultados_nuevos/cropped_clahe/AP/TB1_ITA2-0289-AP-20120510.jpg,-1,train,1
491,CISM,ITA2-0292,2.5,1,0,F,possible,1,0,1,no,no,yes,yes,no,yes,/mnt/nfs/projects/CXR-TB/RESULTS/nmessino/DEV/pTB_LungRegionExtractor/RESULTS/resultados_nuevos/cropped_clahe/AP/TB0_ITA2-0292-AP-20121025.jpg,/mnt/nfs/projects/CXR-TB/RESULTS/nmessino/DEV/pTB_LungRegionExtractor/RESULTS/resultados_nuevos/cropped_clahe/LAT/TB0_ITA2-0292-LAT-20121025.jpg,train,3
492,CISM,ITA2-0294,1.42,1,0,M,unlikely,0,0,1,no,no,yes,no,no,yes,/mnt/nfs/projects/CXR-TB/RESULTS/nmessino/DEV/pTB_LungRegionExtractor/RESULTS/resultados_nuevos/cropped_clahe/AP/TB0_ITA2-0294-AP-20121026.jpg,/mnt/nfs/projects/CXR-TB/RESULTS/nmessino/DEV/pTB_LungRegionExtractor/RESULTS/resultados_nuevos/cropped_clahe/LAT/TB0_ITA2-0294-LAT-20121026.jpg,-1
493,CISM,ITA2-0297,0.58,1,0,M,unlikely,0,0,1,no,no,yes,no,no,yes,/mnt/nfs/projects/CXR-TB/RESULTS/nmessino/DEV/pTB_LungRegionExtractor/RESULTS/resultados_nuevos/cropped_clahe/AP/TB0_ITA2-0297-AP-20130409.jpg,/mnt/nfs/projects/CXR-TB/RESULTS/nmessino/DEV/pTB_LungRegionExtractor/RESULTS/resultados_nuevos/cropped_clahe/LAT/TB0_ITA2-0297-LAT-20130409.jpg,-1
494,CISM,ITA2-0303,2.67,1,0,M,probable,1,1,1,no,no,yes,no,no,yes,/mnt/nfs/projects/CXR-TB/RESULTS/nmessino/DEV/pTB_LungRegionExtractor/RESULTS/resultados_nuevos/cropped_clahe/AP/TB1_ITA2-0303-AP-20121218.jpg,/mnt/nfs/projects/CXR-TB/RESULTS/nmessino/DEV/pTB_LungRegionExtractor/RESULTS/resultados_nuevos/cropped_clahe/LAT/TB1_ITA2-0303-LAT-20121218.jpg,-1
495,CISM,ITA2-0304,2.83,1,0,M,unlikely,0,0,0,yes,no,yes,no,no,yes,/mnt/nfs/projects/CXR-TB/RESULTS/nmessino/DEV/pTB_LungRegionExtractor/RESULTS/resultados_nuevos/cropped_clahe/AP/TB0_ITA2-0304-AP-20130412.jpg,/mnt/nfs/projects/CXR-TB/RESULTS/nmessino/DEV/pTB_LungRegionExtractor/RESULTS/resultados_nuevos/cropped_clahe/LAT/TB0_ITA2-0304-LAT-20130412.jpg,train,0
496,CISM,ITA2-0309,2.83,1,0,F,unlikely,0,0,0,no,no,yes,no,no,yes,/mnt/nfs/projects/CXR-TB/RESULTS/nmessino/DEV/pTB_LungRegionExtractor/RESULTS/resultados_nuevos/cropped_clahe/AP/TB0_ITA2-0309-AP-20120521.jpg,/mnt/nfs/projects/CXR-TB/RESULTS/nmessino/DEV/pTB_LungRegionExtractor/RESULTS/resultados_nuevos/cropped_clahe/LAT/TB0_ITA2-0309-LAT-20120521.jpg,-1
497,CISM,ITA2-0310,1.25,1,0,M,unlikely,0,0,0,no,no,yes,no,no,yes,/mnt/nfs/projects/CXR-TB/RESULTS/nmessino/DEV/pTB_LungRegionExtractor/RESULTS/resultados_nuevos/cropped_clahe/AP/TB0_ITA2-0310-AP-20121115.jpg,/mnt/nfs/projects/CXR-TB/RESULTS/nmessino/DEV/pTB_LungRegionExtractor/RESULTS/resultados_nuevos/cropped_clahe/LAT/TB0_ITA2-0310-LAT-20121115.jpg,train,3
498,CISM,ITA2-0311,0.67,1,0,F,unlikely,0,0,0,no,no,yes,no,no,yes,/mnt/nfs/projects/CXR-TB/RESULTS/nmessino/DEV/pTB_LungRegionExtractor/RESULTS/resultados_nuevos/cropped_clahe/AP/TB0_ITA2-0311-AP-20120522.jpg,/mnt/nfs/projects/CXR-TB/RESULTS/nmessino/DEV/pTB_LungRegionExtractor/RESULTS/resultados_nuevos/cropped_clahe/LAT/TB0_ITA2-0311-LAT-20120522.jpg,train,0
499,CISM,ITA2-0312,0.67,1,0,M,unlikely,0,0,0,no,no,yes,no,no,yes,/mnt/nfs/projects/CXR-TB/RESULTS/nmessino/DEV/pTB_LungRegionExtractor/RESULTS/resultados_nuevos/cropped_clahe/AP/TB0_ITA2-0312-AP-20120522.jpg,/mnt/nfs/projects/CXR-TB/RESULTS/nmessino/DEV/pTB_LungRegionExtractor/RESULTS/resultados_nuevos/cropped_clahe/LAT/TB0_ITA2-0312-LAT-20120522.jpg,train,4
500,CISM,ITA2-0315,2.33,1,0,M,unlikely,0,0,1,no,no,yes,no,no,yes,/mnt/nfs/projects/CXR-TB/RESULTS/nmessino/DEV/pTB_LungRegionExtractor/RESULTS/resultados_nuevos/cropped_clahe/AP/TB0_ITA2-0315-AP-20121129.jpg,/mnt/nfs/projects/CXR-TB/RESULTS/nmessino/DEV/pTB_LungRegionExtractor/RESULTS/resultados_nuevos/cropped_clahe/LAT/TB0_ITA2-0315-LAT-20121129.jpg,train,1
501,CISM,ITA2-0319,2.17,1,0,M,probable,1,1,1,no,yes,yes,yes,no,yes,/mnt/nfs/projects/CXR-TB/RESULTS/nmessino/DEV/pTB_LungRegionExtractor/RESULTS/resultados_nuevos/cropped_clahe/AP/TB0_ITA2-0319-AP-20120524.jpg,/mnt/nfs/projects/CXR-TB/RESULTS/nmessino/DEV/pTB_LungRegionExtractor/RESULTS/resultados_nuevos/cropped_clahe/LAT/TB0_ITA2-0319-LAT-20120524.jpg,train,0
502,CISM,ITA2-0321,2.08,1,0,F,unlikely,0,0,0,no,no,yes,no,no,yes,/mnt/nfs/projects/CXR-TB/RESULTS/nmessino/DEV/pTB_LungRegionExtractor/RESULTS/resultados_nuevos/cropped_clahe/AP/TB0_ITA2-0321-AP-20120524.jpg,/mnt/nfs/projects/CXR-TB/RESULTS/nmessino/DEV/pTB_LungRegionExtractor/RESULTS/resultados_nuevos/cropped_clahe/LAT/TB0_ITA2-0321-LAT-20120524.jpg,train,2
503,CISM,ITA2-0330,1.83,1,0,F,unlikely,0,0,0,no,no,yes,no,no,yes,/mnt/nfs/projects/CXR-TB/RESULTS/nmessino/DEV/pTB_LungRegionExtractor/RESULTS/resultados_nuevos/cropped_clahe/AP/TB0_ITA2-0330-AP-20120525.jpg,/mnt/nfs/projects/CXR-TB/RESULTS/nmessino/DEV/pTB_LungRegionExtractor/RESULTS/resultados_nuevos/cropped_clahe/LAT/TB0_ITA2-0330-LAT-20120525.jpg,-1
504,CISM,ITA2-0332,1.67,1,0,M,unlikely,0,0,1,no,no,yes,no,no,yes,/mnt/nfs/projects/CXR-TB/RESULTS/nmessino/DEV/pTB_LungRegionExtractor/RESULTS/resultados_nuevos/cropped_clahe/AP/TB0_ITA2-0332-AP-20120528.jpg,/mnt/nfs/projects/CXR-TB/RESULTS/nmessino/DEV/pTB_LungRegionExtractor/RESULTS/resultados_nuevos/cropped_clahe/LAT/TB0_ITA2-0332-LAT-20120528.jpg,train,4
505,CISM,ITA2-0335,1.0,1,0,M,unlikely,0,0,0,yes,no,no,no,no,yes,/mnt/nfs/projects/CXR-TB/RESULTS/nmessino/DEV/pTB_LungRegionExtractor/RESULTS/resultados_nuevos/cropped_clahe/AP/TB0_ITA2-0335-AP-20120528.jpg,/mnt/nfs/projects/CXR-TB/RESULTS/nmessino/DEV/pTB_LungRegionExtractor/RESULTS/resultados_nuevos/cropped_clahe/LAT/TB0_ITA2-0335-LAT-20120528.jpg,train,4
506,CISM,ITA2-0336,0.92,1,0,F,unlikely,0,0,1,no,no,yes,no,no,yes,/mnt/nfs/projects/CXR-TB/RESULTS/nmessino/DEV/pTB_LungRegionExtractor/RESULTS/resultados_nuevos/cropped_clahe/AP/TB0_ITA2-0336-AP-20120528.jpg,/mnt/nfs/projects/CXR-TB/RESULTS/nmessino/DEV/pTB_LungRegionExtractor/RESULTS/resultados_nuevos/cropped_clahe/LAT/TB0_ITA2-0336-LAT-20120528.jpg,train,0
507,CISM,ITA2-0337,2.92,1,0,M,unlikely,0,0,0,no,no,yes,no,no,yes,/mnt/nfs/projects/CXR-TB/RESULTS/nmessino/DEV/pTB_LungRegionExtractor/RESULTS/resultados_nuevos/cropped_clahe/AP/TB0_ITA2-0337-AP-20120529.jpg,/mnt/nfs/projects/CXR-TB/RESULTS/nmessino/DEV/pTB_LungRegionExtractor/RESULTS/resultados_nuevos/cropped_clahe/LAT/TB0_ITA2-0337-LAT-20120529.jpg,-1
508,CISM,ITA2-0340,1.58,1,0,F,unlikely,0,0,0,no,no,yes,no,no,yes,/mnt/nfs/projects/CXR-TB/RESULTS/nmessino/DEV/pTB_LungRegionExtractor/RESULTS/resultados_nuevos/cropped_clahe/AP/TB0_ITA2-0340-AP-20121121.jpg,/mnt/nfs/projects/CXR-TB/RESULTS/nmessino/DEV/pTB_LungRegionExtractor/RESULTS/resultados_nuevos/cropped_clahe/LAT/TB0_ITA2-0340-LAT-20121121.jpg,train,0
509,CISM,ITA2-0343,1.42,1,0,M,unlikely,0,0,1,no,no,yes,yes,no,yes,/mnt/nfs/projects/CXR-TB/RESULTS/nmessino/DEV/pTB_LungRegionExtractor/RESULTS/resultados_nuevos/cropped_clahe/AP/TB0_ITA2-0343-AP-20121121.jpg,/mnt/nfs/projects/CXR-TB/RESULTS/nmessino/DEV/pTB_LungRegionExtractor/RESULTS/resultados_nuevos/cropped_clahe/LAT/TB0_ITA2-0343-LAT-20121121.jpg,-1
510,CISM,ITA2-0346,2.25,1,0,M,unlikely,0,0,0,no,no,yes,no,no,yes,/mnt/nfs/projects/CXR-TB/RESULTS/nmessino/DEV/pTB_LungRegionExtractor/RESULTS/resultados_nuevos/cropped_clahe/AP/TB0_ITA2-0346-AP-20120530.jpg,/mnt/nfs/projects/CXR-TB/RESULTS/nmessino/DEV/pTB_LungRegionExtractor/RESULTS/resultados_nuevos/cropped_clahe/LAT/TB0_ITA2-0346-LAT-20120530.jpg,train,3
511,CISM,ITA2-0348,1.67,1,0,M,unlikely,0,0,0,no,no,yes,no,no,yes,/mnt/nfs/projects/CXR-TB/RESULTS/nmessino/DEV/pTB_LungRegionExtractor/RESULTS/resultados_nuevos/cropped_clahe/AP/TB0_ITA2-0348-AP-20120531.jpg,/mnt/nfs/projects/CXR-TB/RESULTS/nmessino/DEV/pTB_LungRegionExtractor/RESULTS/resultados_nuevos/cropped_clahe/LAT/TB0_ITA2-0348-LAT-20120531.jpg,train,4
512,CISM,ITA2-0350,2.67,1,0,F,unlikely,0,0,0,no,no,yes,no,no,yes,/mnt/nfs/projects/CXR-TB/RESULTS/nmessino/DEV/pTB_LungRegionExtractor/RESULTS/resultados_nuevos/cropped_clahe/AP/TB0_ITA2-0350-AP-20120531.jpg,/mnt/nfs/projects/CXR-TB/RESULTS/nmessino/DEV/pTB_LungRegionExtractor/RESULTS/resultados_nuevos/cropped_clahe/LAT/TB0_ITA2-0350-LAT-20120531.jpg,train,2
513,CISM,ITA2-0352,2.67,1,0,M,unlikely,0,0,0,no,no,yes,no,no,yes,/mnt/nfs/projects/CXR-TB/RESULTS/nmessino/DEV/pTB_LungRegionExtractor/RESULTS/resultados_nuevos/cropped_clahe/AP/TB0_ITA2-0352-AP-20120531.jpg,/mnt/nfs/projects/CXR-TB/RESULTS/nmessino/DEV/pTB_LungRegionExtractor/RESULTS/resultados_nuevos/cropped_clahe/LAT/TB0_ITA2-0352-LAT-20120531.jpg,-1
514,CISM,ITA2-0353,0.58,1,0,M,unlikely,0,0,0,yes,no,yes,no,no,yes,/mnt/nfs/projects/CXR-TB/RESULTS/nmessino/DEV/pTB_LungRegionExtractor/RESULTS/resultados_nuevos/cropped_clahe/AP/TB0_ITA2-0353-AP-20120531.jpg,/mnt/nfs/projects/CXR-TB/RESULTS/nmessino/DEV/pTB_LungRegionExtractor/RESULTS/resultados_nuevos/cropped_clahe/LAT/TB0_ITA2-0353-LAT-20120531.jpg,-1
515,CISM,ITA2-0354,1.92,1,0,M,unlikely,0,0,0,no,no,yes,no,no,yes,/mnt/nfs/projects/CXR-TB/RESULTS/nmessino/DEV/pTB_LungRegionExtractor/RESULTS/resultados_nuevos/cropped_clahe/AP/TB0_ITA2-0354-AP-20120531.jpg,/mnt/nfs/projects/CXR-TB/RESULTS/nmessino/DEV/pTB_LungRegionExtractor/RESULTS/resultados_nuevos/cropped_clahe/LAT/TB0_ITA2-0354-LAT-20120531.jpg,-1
516,CISM,ITA2-0356,2.67,1,0,M,unlikely,0,0,0,no,no,yes,no,no,yes,/mnt/nfs/projects/CXR-TB/RESULTS/nmessino/DEV/pTB_LungRegionExtractor/RESULTS/resultados_nuevos/cropped_clahe/AP/TB0_ITA2-0356-AP-20120531.jpg,/mnt/nfs/projects/CXR-TB/RESULTS/nmessino/DEV/pTB_LungRegionExtractor/RESULTS/resultados_nuevos/cropped_clahe/LAT/TB0_ITA2-0356-LAT-20120531.jpg,train,1
517,CISM,ITA2-0358,2.83,1,0,M,unlikely,0,0,0,no,no,yes,yes,no,yes,/mnt/nfs/projects/CXR-TB/RESULTS/nmessino/DEV/pTB_LungRegionExtractor/RESULTS/resultados_nuevos/cropped_clahe/AP/TB0_ITA2-0358-AP-20130521.jpg,/mnt/nfs/projects/CXR-TB/RESULTS/nmessino/DEV/pTB_LungRegionExtractor/RESULTS/resultados_nuevos/cropped_clahe/LAT/TB0_ITA2-0358-LAT-20130521.jpg,train,1
518,CISM,ITA2-0359,2.67,1,0,F,possible,1,0,1,no,no,yes,no,no,yes,/mnt/nfs/projects/CXR-TB/RESULTS/nmessino/DEV/pTB_LungRegionExtractor/RESULTS/resultados_nuevos/cropped_clahe/AP/TB0_ITA2-0359-AP-20120601.jpg,/mnt/nfs/projects/CXR-TB/RESULTS/nmessino/DEV/pTB_LungRegionExtractor/RESULTS/resultados_nuevos/cropped_clahe/LAT/TB0_ITA2-0359-LAT-20120601.jpg,train,0
519,CISM,ITA2-0360,2.42,1,0,M,unlikely,0,0,0,no,no,yes,no,no,yes,/mnt/nfs/projects/CXR-TB/RESULTS/nmessino/DEV/pTB_LungRegionExtractor/RESULTS/resultados_nuevos/cropped_clahe/AP/TB0_ITA2-0360-AP-20130415.jpg,/mnt/nfs/projects/CXR-TB/RESULTS/nmessino/DEV/pTB_LungRegionExtractor/RESULTS/resultados_nuevos/cropped_clahe/LAT/TB0_ITA2-0360-LAT-20130415.jpg,train,4
520,CISM,ITA2-0361,2.67,1,0,F,unlikely,0,0,0,no,no,yes,no,no,yes,/mnt/nfs/projects/CXR-TB/RESULTS/nmessino/DEV/pTB_LungRegionExtractor/RESULTS/resultados_nuevos/cropped_clahe/AP/TB0_ITA2-0361-AP-20120604.jpg,/mnt/nfs/projects/CXR-TB/RESULTS/nmessino/DEV/pTB_LungRegionExtractor/RESULTS/resultados_nuevos/cropped_clahe/LAT/TB0_ITA2-0361-LAT-20120604.jpg,-1
521,CISM,ITA2-0362,2.83,1,0,M,unlikely,0,1,1,no,no,yes,yes,no,yes,/mnt/nfs/projects/CXR-TB/RESULTS/nmessino/DEV/pTB_LungRegionExtractor/RESULTS/resultados_nuevos/cropped_clahe/AP/TB0_ITA2-0362-AP-20121214.jpg,/mnt/nfs/projects/CXR-TB/RESULTS/nmessino/DEV/pTB_LungRegionExtractor/RESULTS/resultados_nuevos/cropped_clahe/LAT/TB0_ITA2-0362-LAT-20121214.jpg,train,0
522,CISM,ITA2-0363,2.17,1,0,F,unlikely,0,0,1,no,no,yes,no,no,yes,/mnt/nfs/projects/CXR-TB/RESULTS/nmessino/DEV/pTB_LungRegionExtractor/RESULTS/resultados_nuevos/cropped_clahe/AP/TB0_ITA2-0363-AP-20120604.jpg,/mnt/nfs/projects/CXR-TB/RESULTS/nmessino/DEV/pTB_LungRegionExtractor/RESULTS/resultados_nuevos/cropped_clahe/LAT/TB0_ITA2-0363-LAT-20120604.jpg,-1
523,CISM,ITA2-0364,1.83,1,0,M,unlikely,0,0,0,yes,no,yes,no,no,yes,/mnt/nfs/projects/CXR-TB/RESULTS/nmessino/DEV/pTB_LungRegionExtractor/RESULTS/resultados_nuevos/cropped_clahe/AP/TB0_ITA2-0364-AP-20120604.jpg,/mnt/nfs/projects/CXR-TB/RESULTS/nmessino/DEV/pTB_LungRegionExtractor/RESULTS/resultados_nuevos/cropped_clahe/LAT/TB0_ITA2-0364-LAT-20120604.jpg,train,0
524,CISM,ITA2-0365,1.33,1,0,M,unlikely,0,0,0,no,no,yes,no,no,yes,/mnt/nfs/projects/CXR-TB/RESULTS/nmessino/DEV/pTB_LungRegionExtractor/RESULTS/resultados_nuevos/cropped_clahe/AP/TB0_ITA2-0365-AP-20121017.jpg,/mnt/nfs/projects/CXR-TB/RESULTS/nmessino/DEV/pTB_LungRegionExtractor/RESULTS/resultados_nuevos/cropped_clahe/LAT/TB0_ITA2-0365-LAT-20121017.jpg,train,2
525,CISM,ITA2-0366,1.17,1,0,M,unlikely,0,0,1,no,no,yes,no,no,yes,/mnt/nfs/projects/CXR-TB/RESULTS/nmessino/DEV/pTB_LungRegionExtractor/RESULTS/resultados_nuevos/cropped_clahe/AP/TB0_ITA2-0366-AP-20120605.jpg,/mnt/nfs/projects/CXR-TB/RESULTS/nmessino/DEV/pTB_LungRegionExtractor/RESULTS/resultados_nuevos/cropped_clahe/LAT/TB0_ITA2-0366-LAT-20120605.jpg,train,2
526,CISM,ITA2-0367,1.67,1,0,F,unlikely,0,0,0,no,no,yes,no,no,yes,/mnt/nfs/projects/CXR-TB/RESULTS/nmessino/DEV/pTB_LungRegionExtractor/RESULTS/resultados_nuevos/cropped_clahe/AP/TB0_ITA2-0367-AP-20120605.jpg,/mnt/nfs/projects/CXR-TB/RESULTS/nmessino/DEV/pTB_LungRegionExtractor/RESULTS/resultados_nuevos/cropped_clahe/LAT/TB0_ITA2-0367-LAT-20120605.jpg,train,1
527,CISM,ITA2-0368,2.25,1,0,F,unlikely,0,0,0,no,no,yes,no,no,yes,/mnt/nfs/projects/CXR-TB/RESULTS/nmessino/DEV/pTB_LungRegionExtractor/RESULTS/resultados_nuevos/cropped_clahe/AP/TB0_ITA2-0368-AP-20120605.jpg,/mnt/nfs/projects/CXR-TB/RESULTS/nmessino/DEV/pTB_LungRegionExtractor/RESULTS/resultados_nuevos/cropped_clahe/LAT/TB0_ITA2-0368-LAT-20120605.jpg,-1
528,CISM,ITA2-0369,2.42,1,0,M,unlikely,0,0,0,yes,no,yes,no,no,yes,/mnt/nfs/projects/CXR-TB/RESULTS/nmessino/DEV/pTB_LungRegionExtractor/RESULTS/resultados_nuevos/cropped_clahe/AP/TB0_ITA2-0369-AP-20120605.jpg,/mnt/nfs/projects/CXR-TB/RESULTS/nmessino/DEV/pTB_LungRegionExtractor/RESULTS/resultados_nuevos/cropped_clahe/LAT/TB0_ITA2-0369-LAT-20120605.jpg,train,4
529,CISM,ITA2-0370,2.42,1,0,M,unlikely,0,0,0,no,no,yes,no,no,yes,/mnt/nfs/projects/CXR-TB/RESULTS/nmessino/DEV/pTB_LungRegionExtractor/RESULTS/resultados_nuevos/cropped_clahe/AP/TB0_ITA2-0370-AP-20120605.jpg,/mnt/nfs/projects/CXR-TB/RESULTS/nmessino/DEV/pTB_LungRegionExtractor/RESULTS/resultados_nuevos/cropped_clahe/LAT/TB0_ITA2-0370-LAT-20120605.jpg,train,3
530,CISM,ITA2-0371,1.83,1,0,M,unlikely,0,0,0,no,no,yes,no,no,yes,/mnt/nfs/projects/CXR-TB/RESULTS/nmessino/DEV/pTB_LungRegionExtractor/RESULTS/resultados_nuevos/cropped_clahe/AP/TB0_ITA2-0371-AP-20120605.jpg,/mnt/nfs/projects/CXR-TB/RESULTS/nmessino/DEV/pTB_LungRegionExtractor/RESULTS/resultados_nuevos/cropped_clahe/LAT/TB0_ITA2-0371-LAT-20120605.jpg,train,0
531,CISM,ITA2-0372,2.0,1,0,F,unlikely,0,0,0,no,no,yes,no,no,yes,/mnt/nfs/projects/CXR-TB/RESULTS/nmessino/DEV/pTB_LungRegionExtractor/RESULTS/resultados_nuevos/cropped_clahe/AP/TB0_ITA2-0372-AP-20120605.jpg,/mnt/nfs/projects/CXR-TB/RESULTS/nmessino/DEV/pTB_LungRegionExtractor/RESULTS/resultados_nuevos/cropped_clahe/LAT/TB0_ITA2-0372-LAT-20120605.jpg,train,4
532,CISM,ITA2-0373,2.25,1,0,F,possible,1,0,1,no,no,yes,no,no,yes,/mnt/nfs/projects/CXR-TB/RESULTS/nmessino/DEV/pTB_LungRegionExtractor/RESULTS/resultados_nuevos/cropped_clahe/AP/TB0_ITA2-0373-AP-20120605.jpg,/mnt/nfs/projects/CXR-TB/RESULTS/nmessino/DEV/pTB_LungRegionExtractor/RESULTS/resultados_nuevos/cropped_clahe/LAT/TB0_ITA2-0373-LAT-20120605.jpg,train,4
533,CISM,ITA2-0377,2.75,1,0,M,unlikely,0,0,1,no,no,yes,no,no,yes,/mnt/nfs/projects/CXR-TB/RESULTS/nmessino/DEV/pTB_LungRegionExtractor/RESULTS/resultados_nuevos/cropped_clahe/AP/TB0_ITA2-0377-AP-20120606.jpg,/mnt/nfs/projects/CXR-TB/RESULTS/nmessino/DEV/pTB_LungRegionExtractor/RESULTS/resultados_nuevos/cropped_clahe/LAT/TB0_ITA2-0377-LAT-20120606.jpg,train,0
534,CISM,ITA2-0379,2.08,1,0,M,unlikely,0,0,0,no,no,yes,no,no,yes,/mnt/nfs/projects/CXR-TB/RESULTS/nmessino/DEV/pTB_LungRegionExtractor/RESULTS/resultados_nuevos/cropped_clahe/AP/TB0_ITA2-0379-AP-20120606.jpg,/mnt/nfs/projects/CXR-TB/RESULTS/nmessino/DEV/pTB_LungRegionExtractor/RESULTS/resultados_nuevos/cropped_clahe/LAT/TB0_ITA2-0379-LAT-20120606.jpg,-1
535,CISM,ITA2-0382,2.58,1,0,F,unlikely,0,0,0,no,no,yes,no,no,yes,/mnt/nfs/projects/CXR-TB/RESULTS/nmessino/DEV/pTB_LungRegionExtractor/RESULTS/resultados_nuevos/cropped_clahe/AP/TB0_ITA2-0382-AP-20120607.jpg,/mnt/nfs/projects/CXR-TB/RESULTS/nmessino/DEV/pTB_LungRegionExtractor/RESULTS/resultados_nuevos/cropped_clahe/LAT/TB0_ITA2-0382-LAT-20120607.jpg,train,3
536,CISM,ITA2-0385,1.92,1,0,M,unlikely,0,0,0,no,no,yes,no,no,yes,/mnt/nfs/projects/CXR-TB/RESULTS/nmessino/DEV/pTB_LungRegionExtractor/RESULTS/resultados_nuevos/cropped_clahe/AP/TB0_ITA2-0385-AP-20120607.jpg,/mnt/nfs/projects/CXR-TB/RESULTS/nmessino/DEV/pTB_LungRegionExtractor/RESULTS/resultados_nuevos/cropped_clahe/LAT/TB0_ITA2-0385-LAT-20120607.jpg,train,2
537,CISM,ITA2-0386,1.92,1,0,M,unlikely,0,0,0,no,no,yes,no,no,yes,/mnt/nfs/projects/CXR-TB/RESULTS/nmessino/DEV/pTB_LungRegionExtractor/RESULTS/resultados_nuevos/cropped_clahe/AP/TB0_ITA2-0386-AP-20120607.jpg,/mnt/nfs/projects/CXR-TB/RESULTS/nmessino/DEV/pTB_LungRegionExtractor/RESULTS/resultados_nuevos/cropped_clahe/LAT/TB0_ITA2-0386-LAT-20120607.jpg,train,4
538,CISM,ITA2-0387,1.25,1,0,M,unlikely,0,0,0,no,no,yes,no,no,yes,/mnt/nfs/projects/CXR-TB/RESULTS/nmessino/DEV/pTB_LungRegionExtractor/RESULTS/resultados_nuevos/cropped_clahe/AP/TB0_ITA2-0387-AP-20120607.jpg,/mnt/nfs/projects/CXR-TB/RESULTS/nmessino/DEV/pTB_LungRegionExtractor/RESULTS/resultados_nuevos/cropped_clahe/LAT/TB0_ITA2-0387-LAT-20120607.jpg,-1
539,CISM,ITA2-0390,2.08,1,0,F,unlikely,0,0,0,no,no,yes,no,no,yes,/mnt/nfs/projects/CXR-TB/RESULTS/nmessino/DEV/pTB_LungRegionExtractor/RESULTS/resultados_nuevos/cropped_clahe/AP/TB0_ITA2-0390-AP-20120607.jpg,/mnt/nfs/projects/CXR-TB/RESULTS/nmessino/DEV/pTB_LungRegionExtractor/RESULTS/resultados_nuevos/cropped_clahe/LAT/TB0_ITA2-0390-LAT-20120607.jpg,-1
540,CISM,ITA2-0391,2.25,1,0,M,unlikely,0,0,0,no,no,yes,no,no,yes,/mnt/nfs/projects/CXR-TB/RESULTS/nmessino/DEV/pTB_LungRegionExtractor/RESULTS/resultados_nuevos/cropped_clahe/AP/TB0_ITA2-0391-AP-20120607.jpg,/mnt/nfs/projects/CXR-TB/RESULTS/nmessino/DEV/pTB_LungRegionExtractor/RESULTS/resultados_nuevos/cropped_clahe/LAT/TB0_ITA2-0391-LAT-20120607.jpg,-1
541,CISM,ITA2-0393,0.92,1,0,M,unlikely,0,0,0,no,no,yes,no,no,yes,/mnt/nfs/projects/CXR-TB/RESULTS/nmessino/DEV/pTB_LungRegionExtractor/RESULTS/resultados_nuevos/cropped_clahe/AP/TB0_ITA2-0393-AP-20120607.jpg,/mnt/nfs/projects/CXR-TB/RESULTS/nmessino/DEV/pTB_LungRegionExtractor/RESULTS/resultados_nuevos/cropped_clahe/LAT/TB0_ITA2-0393-LAT-20120607.jpg,train,0
542,CISM,ITA2-0395,3.0,1,0,M,unlikely,0,0,0,no,no,yes,no,no,yes,/mnt/nfs/projects/CXR-TB/RESULTS/nmessino/DEV/pTB_LungRegionExtractor/RESULTS/resultados_nuevos/cropped_clahe/AP/TB0_ITA2-0395-AP-20120608.jpg,/mnt/nfs/projects/CXR-TB/RESULTS/nmessino/DEV/pTB_LungRegionExtractor/RESULTS/resultados_nuevos/cropped_clahe/LAT/TB0_ITA2-0395-LAT-20120608.jpg,train,4
543,CISM,ITA2-0396,1.83,1,0,M,unlikely,0,0,0,no,no,yes,no,no,yes,/mnt/nfs/projects/CXR-TB/RESULTS/nmessino/DEV/pTB_LungRegionExtractor/RESULTS/resultados_nuevos/cropped_clahe/AP/TB0_ITA2-0396-AP-20120608.jpg,/mnt/nfs/projects/CXR-TB/RESULTS/nmessino/DEV/pTB_LungRegionExtractor/RESULTS/resultados_nuevos/cropped_clahe/LAT/TB0_ITA2-0396-LAT-20120608.jpg,train,3
544,CISM,ITA2-0397,0.75,1,0,F,unlikely,0,0,0,no,no,yes,no,no,yes,/mnt/nfs/projects/CXR-TB/RESULTS/nmessino/DEV/pTB_LungRegionExtractor/RESULTS/resultados_nuevos/cropped_clahe/AP/TB0_ITA2-0397-AP-20121016.jpg,/mnt/nfs/projects/CXR-TB/RESULTS/nmessino/DEV/pTB_LungRegionExtractor/RESULTS/resultados_nuevos/cropped_clahe/LAT/TB0_ITA2-0397-LAT-20121016.jpg,train,2
545,CISM,ITA2-0399,2.25,1,0,F,unlikely,0,0,1,no,no,yes,no,no,yes,/mnt/nfs/projects/CXR-TB/RESULTS/nmessino/DEV/pTB_LungRegionExtractor/RESULTS/resultados_nuevos/cropped_clahe/AP/TB0_ITA2-0399-AP-20121219.jpg,/mnt/nfs/projects/CXR-TB/RESULTS/nmessino/DEV/pTB_LungRegionExtractor/RESULTS/resultados_nuevos/cropped_clahe/LAT/TB0_ITA2-0399-LAT-20121219.jpg,train,1
546,CISM,ITA2-0400,1.42,1,0,F,unlikely,0,0,0,no,no,yes,no,no,yes,/mnt/nfs/projects/CXR-TB/RESULTS/nmessino/DEV/pTB_LungRegionExtractor/RESULTS/resultados_nuevos/cropped_clahe/AP/TB0_ITA2-0400-AP-20121016.jpg,/mnt/nfs/projects/CXR-TB/RESULTS/nmessino/DEV/pTB_LungRegionExtractor/RESULTS/resultados_nuevos/cropped_clahe/LAT/TB0_ITA2-0400-LAT-20121016.jpg,train,1
547,CISM,ITA2-0402,2.42,1,0,M,unlikely,0,0,0,no,no,yes,no,no,yes,/mnt/nfs/projects/CXR-TB/RESULTS/nmessino/DEV/pTB_LungRegionExtractor/RESULTS/resultados_nuevos/cropped_clahe/AP/TB0_ITA2-0402-AP-20120608.jpg,/mnt/nfs/projects/CXR-TB/RESULTS/nmessino/DEV/pTB_LungRegionExtractor/RESULTS/resultados_nuevos/cropped_clahe/LAT/TB0_ITA2-0402-LAT-20120608.jpg,train,1
548,CISM,ITA2-0408,1.42,1,0,M,unlikely,0,0,0,no,no,yes,no,no,yes,/mnt/nfs/projects/CXR-TB/RESULTS/nmessino/DEV/pTB_LungRegionExtractor/RESULTS/resultados_nuevos/cropped_clahe/AP/TB0_ITA2-0408-AP-20120611.jpg,/mnt/nfs/projects/CXR-TB/RESULTS/nmessino/DEV/pTB_LungRegionExtractor/RESULTS/resultados_nuevos/cropped_clahe/LAT/TB0_ITA2-0408-LAT-20120611.jpg,-1
549,CISM,ITA2-0410,2.83,1,0,M,unlikely,0,0,0,no,no,yes,no,no,yes,/mnt/nfs/projects/CXR-TB/RESULTS/nmessino/DEV/pTB_LungRegionExtractor/RESULTS/resultados_nuevos/cropped_clahe/AP/TB0_ITA2-0410-AP-20120612.jpg,/mnt/nfs/projects/CXR-TB/RESULTS/nmessino/DEV/pTB_LungRegionExtractor/RESULTS/resultados_nuevos/cropped_clahe/LAT/TB0_ITA2-0410-LAT-20120612.jpg,-1
550,CISM,ITA2-0411,2.42,1,0,M,unlikely,0,0,0,no,no,yes,no,no,yes,/mnt/nfs/projects/CXR-TB/RESULTS/nmessino/DEV/pTB_LungRegionExtractor/RESULTS/resultados_nuevos/cropped_clahe/AP/TB0_ITA2-0411-AP-20120612.jpg,/mnt/nfs/projects/CXR-TB/RESULTS/nmessino/DEV/pTB_LungRegionExtractor/RESULTS/resultados_nuevos/cropped_clahe/LAT/TB0_ITA2-0411-LAT-20120612.jpg,train,1
551,CISM,ITA2-0412,1.25,1,0,M,unlikely,0,0,0,no,no,yes,no,no,yes,/mnt/nfs/projects/CXR-TB/RESULTS/nmessino/DEV/pTB_LungRegionExtractor/RESULTS/resultados_nuevos/cropped_clahe/AP/TB0_ITA2-0412-AP-20120612.jpg,/mnt/nfs/projects/CXR-TB/RESULTS/nmessino/DEV/pTB_LungRegionExtractor/RESULTS/resultados_nuevos/cropped_clahe/LAT/TB0_ITA2-0412-LAT-20120612.jpg,train,3
552,CISM,ITA2-0414,1.42,1,0,F,unlikely,0,0,0,no,no,yes,no,no,yes,/mnt/nfs/projects/CXR-TB/RESULTS/nmessino/DEV/pTB_LungRegionExtractor/RESULTS/resultados_nuevos/cropped_clahe/AP/TB0_ITA2-0414-AP-20130412.jpg,/mnt/nfs/projects/CXR-TB/RESULTS/nmessino/DEV/pTB_LungRegionExtractor/RESULTS/resultados_nuevos/cropped_clahe/LAT/TB0_ITA2-0414-LAT-20120612.jpg,train,4
553,CISM,ITA2-0415,3.0,1,0,M,unlikely,0,0,0,no,no,yes,no,no,yes,/mnt/nfs/projects/CXR-TB/RESULTS/nmessino/DEV/pTB_LungRegionExtractor/RESULTS/resultados_nuevos/cropped_clahe/AP/TB0_ITA2-0415-AP-20120612.jpg,/mnt/nfs/projects/CXR-TB/RESULTS/nmessino/DEV/pTB_LungRegionExtractor/RESULTS/resultados_nuevos/cropped_clahe/LAT/TB0_ITA2-0415-LAT-20120612.jpg,train,1
554,CISM,ITA2-0416,2.5,1,0,F,unlikely,0,0,0,no,no,yes,no,no,yes,/mnt/nfs/projects/CXR-TB/RESULTS/nmessino/DEV/pTB_LungRegionExtractor/RESULTS/resultados_nuevos/cropped_clahe/AP/TB0_ITA2-0416-AP-20120614.jpg,/mnt/nfs/projects/CXR-TB/RESULTS/nmessino/DEV/pTB_LungRegionExtractor/RESULTS/resultados_nuevos/cropped_clahe/LAT/TB0_ITA2-0416-LAT-20120614.jpg,-1
555,CISM,ITA2-0417,1.25,1,0,M,unlikely,0,0,0,no,no,yes,no,no,yes,/mnt/nfs/projects/CXR-TB/RESULTS/nmessino/DEV/pTB_LungRegionExtractor/RESULTS/resultados_nuevos/cropped_clahe/AP/TB0_ITA2-0417-AP-20120614.jpg,/mnt/nfs/projects/CXR-TB/RESULTS/nmessino/DEV/pTB_LungRegionExtractor/RESULTS/resultados_nuevos/cropped_clahe/LAT/TB0_ITA2-0417-LAT-20120614.jpg,-1
556,CISM,ITA2-0418,1.17,1,0,F,probable,1,1,1,no,no,yes,yes,no,yes,/mnt/nfs/projects/CXR-TB/RESULTS/nmessino/DEV/pTB_LungRegionExtractor/RESULTS/resultados_nuevos/cropped_clahe/AP/TB0_ITA2-0418-AP-20120614.jpg,/mnt/nfs/projects/CXR-TB/RESULTS/nmessino/DEV/pTB_LungRegionExtractor/RESULTS/resultados_nuevos/cropped_clahe/LAT/TB0_ITA2-0418-LAT-20120614.jpg,-1
557,CISM,ITA2-0420,1.08,1,0,M,possible,1,0,1,no,no,yes,yes,no,yes,/mnt/nfs/projects/CXR-TB/RESULTS/nmessino/DEV/pTB_LungRegionExtractor/RESULTS/resultados_nuevos/cropped_clahe/AP/TB0_ITA2-0420-AP-20120618.jpg,/mnt/nfs/projects/CXR-TB/RESULTS/nmessino/DEV/pTB_LungRegionExtractor/RESULTS/resultados_nuevos/cropped_clahe/LAT/TB0_ITA2-0420-LAT-20120618.jpg,-1
558,CISM,ITA2-0421,1.92,1,0,F,unlikely,0,0,0,no,no,yes,no,no,yes,/mnt/nfs/projects/CXR-TB/RESULTS/nmessino/DEV/pTB_LungRegionExtractor/RESULTS/resultados_nuevos/cropped_clahe/AP/TB0_ITA2-0421-AP-20120618.jpg,/mnt/nfs/projects/CXR-TB/RESULTS/nmessino/DEV/pTB_LungRegionExtractor/RESULTS/resultados_nuevos/cropped_clahe/LAT/TB0_ITA2-0421-LAT-20120618.jpg,train,4
559,CISM,ITA2-0424,2.83,1,0,M,unlikely,0,0,0,no,no,yes,no,no,yes,/mnt/nfs/projects/CXR-TB/RESULTS/nmessino/DEV/pTB_LungRegionExtractor/RESULTS/resultados_nuevos/cropped_clahe/AP/TB0_ITA2-0424-AP-20120619.jpg,/mnt/nfs/projects/CXR-TB/RESULTS/nmessino/DEV/pTB_LungRegionExtractor/RESULTS/resultados_nuevos/cropped_clahe/LAT/TB0_ITA2-0424-LAT-20120619.jpg,-1
560,CISM,ITA2-0425,2.33,1,0,F,unlikely,0,0,0,no,yes,no,no,no,yes,/mnt/nfs/projects/CXR-TB/RESULTS/nmessino/DEV/pTB_LungRegionExtractor/RESULTS/resultados_nuevos/cropped_clahe/AP/TB0_ITA2-0425-AP-20120619.jpg,/mnt/nfs/projects/CXR-TB/RESULTS/nmessino/DEV/pTB_LungRegionExtractor/RESULTS/resultados_nuevos/cropped_clahe/LAT/TB0_ITA2-0425-LAT-20120619.jpg,-1
561,CISM,ITA2-0427,2.67,1,0,M,unlikely,0,0,1,no,no,yes,no,no,yes,/mnt/nfs/projects/CXR-TB/RESULTS/nmessino/DEV/pTB_LungRegionExtractor/RESULTS/resultados_nuevos/cropped_clahe/AP/TB0_ITA2-0427-AP-20120619.jpg,/mnt/nfs/projects/CXR-TB/RESULTS/nmessino/DEV/pTB_LungRegionExtractor/RESULTS/resultados_nuevos/cropped_clahe/LAT/TB0_ITA2-0427-LAT-20120619.jpg,train,3
562,CISM,ITA2-0428,2.17,1,0,F,probable,1,1,1,no,no,yes,no,no,yes,/mnt/nfs/projects/CXR-TB/RESULTS/nmessino/DEV/pTB_LungRegionExtractor/RESULTS/resultados_nuevos/cropped_clahe/AP/TB1_ITA2-0428-AP-20121217.jpg,/mnt/nfs/projects/CXR-TB/RESULTS/nmessino/DEV/pTB_LungRegionExtractor/RESULTS/resultados_nuevos/cropped_clahe/LAT/TB1_ITA2-0428-LAT-20121217.jpg,train,4
563,CISM,ITA2-0429,1.92,1,0,F,unlikely,0,0,0,no,no,yes,no,no,yes,/mnt/nfs/projects/CXR-TB/RESULTS/nmessino/DEV/pTB_LungRegionExtractor/RESULTS/resultados_nuevos/cropped_clahe/AP/TB0_ITA2-0429-AP-20120620.jpg,/mnt/nfs/projects/CXR-TB/RESULTS/nmessino/DEV/pTB_LungRegionExtractor/RESULTS/resultados_nuevos/cropped_clahe/LAT/TB0_ITA2-0429-LAT-20120620.jpg,train,2
564,CISM,ITA2-0430,1.83,1,0,F,unlikely,0,0,0,no,no,yes,no,no,yes,/mnt/nfs/projects/CXR-TB/RESULTS/nmessino/DEV/pTB_LungRegionExtractor/RESULTS/resultados_nuevos/cropped_clahe/AP/TB0_ITA2-0430-AP-20120620.jpg,/mnt/nfs/projects/CXR-TB/RESULTS/nmessino/DEV/pTB_LungRegionExtractor/RESULTS/resultados_nuevos/cropped_clahe/LAT/TB0_ITA2-0430-LAT-20120620.jpg,train,3
565,CISM,ITA2-0431,1.58,1,0,M,unlikely,0,0,0,no,no,yes,no,no,yes,/mnt/nfs/projects/CXR-TB/RESULTS/nmessino/DEV/pTB_LungRegionExtractor/RESULTS/resultados_nuevos/cropped_clahe/AP/TB0_ITA2-0431-AP-20120620.jpg,/mnt/nfs/projects/CXR-TB/RESULTS/nmessino/DEV/pTB_LungRegionExtractor/RESULTS/resultados_nuevos/cropped_clahe/LAT/TB0_ITA2-0431-LAT-20120620.jpg,-1
566,CISM,ITA2-0432,2.5,1,0,M,unlikely,0,0,0,no,no,yes,no,no,yes,/mnt/nfs/projects/CXR-TB/RESULTS/nmessino/DEV/pTB_LungRegionExtractor/RESULTS/resultados_nuevos/cropped_clahe/AP/TB0_ITA2-0432-AP-20120620.jpg,/mnt/nfs/projects/CXR-TB/RESULTS/nmessino/DEV/pTB_LungRegionExtractor/RESULTS/resultados_nuevos/cropped_clahe/LAT/TB0_ITA2-0432-LAT-20120620.jpg,train,0
567,CISM,ITA2-0434,1.0,1,0,F,unlikely,0,0,0,no,no,yes,no,no,yes,/mnt/nfs/projects/CXR-TB/RESULTS/nmessino/DEV/pTB_LungRegionExtractor/RESULTS/resultados_nuevos/cropped_clahe/AP/TB0_ITA2-0434-AP-20120620.jpg,/mnt/nfs/projects/CXR-TB/RESULTS/nmessino/DEV/pTB_LungRegionExtractor/RESULTS/resultados_nuevos/cropped_clahe/LAT/TB0_ITA2-0434-LAT-20120620.jpg,train,0
568,CISM,ITA2-0436,1.58,1,0,M,unlikely,0,0,0,no,no,yes,no,no,yes,/mnt/nfs/projects/CXR-TB/RESULTS/nmessino/DEV/pTB_LungRegionExtractor/RESULTS/resultados_nuevos/cropped_clahe/AP/TB0_ITA2-0436-AP-20120620.jpg,/mnt/nfs/projects/CXR-TB/RESULTS/nmessino/DEV/pTB_LungRegionExtractor/RESULTS/resultados_nuevos/cropped_clahe/LAT/TB0_ITA2-0436-LAT-20120620.jpg,train,1
569,CISM,ITA2-0437,1.67,1,0,F,unlikely,0,0,0,no,no,yes,no,no,yes,/mnt/nfs/projects/CXR-TB/RESULTS/nmessino/DEV/pTB_LungRegionExtractor/RESULTS/resultados_nuevos/cropped_clahe/AP/TB0_ITA2-0437-AP-20121127.jpg,/mnt/nfs/projects/CXR-TB/RESULTS/nmessino/DEV/pTB_LungRegionExtractor/RESULTS/resultados_nuevos/cropped_clahe/LAT/TB0_ITA2-0437-LAT-20121127.jpg,-1
570,CISM,ITA2-0438,2.17,1,0,M,unlikely,0,0,0,no,no,yes,no,no,yes,/mnt/nfs/projects/CXR-TB/RESULTS/nmessino/DEV/pTB_LungRegionExtractor/RESULTS/resultados_nuevos/cropped_clahe/AP/TB0_ITA2-0438-AP-20120621.jpg,/mnt/nfs/projects/CXR-TB/RESULTS/nmessino/DEV/pTB_LungRegionExtractor/RESULTS/resultados_nuevos/cropped_clahe/LAT/TB0_ITA2-0438-LAT-20120621.jpg,-1
571,CISM,ITA2-0439,2.33,1,0,F,unlikely,0,0,1,no,no,yes,no,no,yes,/mnt/nfs/projects/CXR-TB/RESULTS/nmessino/DEV/pTB_LungRegionExtractor/RESULTS/resultados_nuevos/cropped_clahe/AP/TB0_ITA2-0439-AP-20120621.jpg,/mnt/nfs/projects/CXR-TB/RESULTS/nmessino/DEV/pTB_LungRegionExtractor/RESULTS/resultados_nuevos/cropped_clahe/LAT/TB0_ITA2-0439-LAT-20120621.jpg,train,3
572,CISM,ITA2-0440,2.17,1,0,M,unlikely,0,0,0,no,yes,no,no,no,yes,/mnt/nfs/projects/CXR-TB/RESULTS/nmessino/DEV/pTB_LungRegionExtractor/RESULTS/resultados_nuevos/cropped_clahe/AP/TB0_ITA2-0440-AP-20120621.jpg,/mnt/nfs/projects/CXR-TB/RESULTS/nmessino/DEV/pTB_LungRegionExtractor/RESULTS/resultados_nuevos/cropped_clahe/LAT/TB0_ITA2-0440-LAT-20120621.jpg,train,1
573,CISM,ITA2-0441,1.58,1,0,F,unlikely,0,0,0,no,no,yes,no,no,yes,/mnt/nfs/projects/CXR-TB/RESULTS/nmessino/DEV/pTB_LungRegionExtractor/RESULTS/resultados_nuevos/cropped_clahe/AP/TB0_ITA2-0441-AP-20120621.jpg,/mnt/nfs/projects/CXR-TB/RESULTS/nmessino/DEV/pTB_LungRegionExtractor/RESULTS/resultados_nuevos/cropped_clahe/LAT/TB0_ITA2-0441-LAT-20120621.jpg,-1
574,CISM,ITA2-0446,2.17,1,0,M,unlikely,0,0,0,no,no,yes,no,no,yes,/mnt/nfs/projects/CXR-TB/RESULTS/nmessino/DEV/pTB_LungRegionExtractor/RESULTS/resultados_nuevos/cropped_clahe/AP/TB0_ITA2-0446-AP-20120621.jpg,/mnt/nfs/projects/CXR-TB/RESULTS/nmessino/DEV/pTB_LungRegionExtractor/RESULTS/resultados_nuevos/cropped_clahe/LAT/TB0_ITA2-0446-LAT-20120621.jpg,train,2
575,CISM,ITA2-0448,1.08,1,0,M,probable,1,1,1,no,no,yes,yes,no,yes,/mnt/nfs/projects/CXR-TB/RESULTS/nmessino/DEV/pTB_LungRegionExtractor/RESULTS/resultados_nuevos/cropped_clahe/AP/TB1_ITA2-0448-AP-20120620.jpg,-1,train,1
576,CISM,ITA2-0449,0.83,1,0,M,unlikely,0,0,1,no,no,yes,no,no,yes,/mnt/nfs/projects/CXR-TB/RESULTS/nmessino/DEV/pTB_LungRegionExtractor/RESULTS/resultados_nuevos/cropped_clahe/AP/TB0_ITA2-0449-AP-20120622.jpg,/mnt/nfs/projects/CXR-TB/RESULTS/nmessino/DEV/pTB_LungRegionExtractor/RESULTS/resultados_nuevos/cropped_clahe/LAT/TB0_ITA2-0449-LAT-20120622.jpg,train,0
577,CISM,ITA2-0450,2.25,1,0,F,unlikely,0,0,0,no,yes,no,no,no,yes,/mnt/nfs/projects/CXR-TB/RESULTS/nmessino/DEV/pTB_LungRegionExtractor/RESULTS/resultados_nuevos/cropped_clahe/AP/TB0_ITA2-0450-AP-20120622.jpg,/mnt/nfs/projects/CXR-TB/RESULTS/nmessino/DEV/pTB_LungRegionExtractor/RESULTS/resultados_nuevos/cropped_clahe/LAT/TB0_ITA2-0450-LAT-20120622.jpg,train,2
578,CISM,ITA2-0451,2.17,1,0,M,unlikely,0,0,0,no,no,yes,no,no,yes,/mnt/nfs/projects/CXR-TB/RESULTS/nmessino/DEV/pTB_LungRegionExtractor/RESULTS/resultados_nuevos/cropped_clahe/AP/TB0_ITA2-0451-AP-20120622.jpg,/mnt/nfs/projects/CXR-TB/RESULTS/nmessino/DEV/pTB_LungRegionExtractor/RESULTS/resultados_nuevos/cropped_clahe/LAT/TB0_ITA2-0451-LAT-20120622.jpg,train,0
579,CISM,ITA2-0466,1.92,1,0,F,confirmed,1,0,1,no,yes,no,no,no,yes,/mnt/nfs/projects/CXR-TB/RESULTS/nmessino/DEV/pTB_LungRegionExtractor/RESULTS/resultados_nuevos/cropped_clahe/AP/TB1_ITA2-0466-AP-20120627.jpg,/mnt/nfs/projects/CXR-TB/RESULTS/nmessino/DEV/pTB_LungRegionExtractor/RESULTS/resultados_nuevos/cropped_clahe/LAT/TB1_ITA2-0466-LAT-20120627.jpg,-1
580,CISM,ITA2-0483,1.67,1,0,M,probable,1,1,1,yes,no,no,no,no,yes,/mnt/nfs/projects/CXR-TB/RESULTS/nmessino/DEV/pTB_LungRegionExtractor/RESULTS/resultados_nuevos/cropped_clahe/AP/TB0_ITA2-0483-AP-20120704.jpg,/mnt/nfs/projects/CXR-TB/RESULTS/nmessino/DEV/pTB_LungRegionExtractor/RESULTS/resultados_nuevos/cropped_clahe/LAT/TB0_ITA2-0483-LAT-20120704.jpg,train,3
581,CISM,ITA2-0488,2.83,1,0,F,confirmed,1,0,1,yes,yes,yes,no,no,yes,/mnt/nfs/projects/CXR-TB/RESULTS/nmessino/DEV/pTB_LungRegionExtractor/RESULTS/resultados_nuevos/cropped_clahe/AP/TB1_ITA2-0488-AP-20120705.jpg,/mnt/nfs/projects/CXR-TB/RESULTS/nmessino/DEV/pTB_LungRegionExtractor/RESULTS/resultados_nuevos/cropped_clahe/LAT/TB1_ITA2-0488-LAT-20120705.jpg,-1
582,CISM,ITA2-0494,2.17,1,0,M,probable,1,1,1,yes,no,yes,no,no,yes,/mnt/nfs/projects/CXR-TB/RESULTS/nmessino/DEV/pTB_LungRegionExtractor/RESULTS/resultados_nuevos/cropped_clahe/AP/TB0_ITA2-0494-AP-20120706.jpg,/mnt/nfs/projects/CXR-TB/RESULTS/nmessino/DEV/pTB_LungRegionExtractor/RESULTS/resultados_nuevos/cropped_clahe/LAT/TB0_ITA2-0494-LAT-20120706.jpg,train,1
583,CISM,ITA2-0547,1.75,1,0,M,possible,1,0,1,no,no,yes,no,no,yes,/mnt/nfs/projects/CXR-TB/RESULTS/nmessino/DEV/pTB_LungRegionExtractor/RESULTS/resultados_nuevos/cropped_clahe/AP/TB0_ITA2-0547-AP-20120724.jpg,/mnt/nfs/projects/CXR-TB/RESULTS/nmessino/DEV/pTB_LungRegionExtractor/RESULTS/resultados_nuevos/cropped_clahe/LAT/TB0_ITA2-0547-LAT-20120724.jpg,-1
584,CISM,ITA2-0563,1.08,1,0,M,possible,1,0,1,no,no,yes,no,no,yes,/mnt/nfs/projects/CXR-TB/RESULTS/nmessino/DEV/pTB_LungRegionExtractor/RESULTS/resultados_nuevos/cropped_clahe/AP/TB0_ITA2-0563-AP-20120726.jpg,/mnt/nfs/projects/CXR-TB/RESULTS/nmessino/DEV/pTB_LungRegionExtractor/RESULTS/resultados_nuevos/cropped_clahe/LAT/TB0_ITA2-0563-LAT-20120726.jpg,train,2
585,CISM,ITA2-0568,1.5,1,0,F,probable,1,1,1,no,no,yes,yes,no,no,/mnt/nfs/projects/CXR-TB/RESULTS/nmessino/DEV/pTB_LungRegionExtractor/RESULTS/resultados_nuevos/cropped_clahe/AP/TB1_ITA2-0568-AP-20120917.jpg,-1,train,0
586,CISM,ITA2-0570,0.92,1,0,F,confirmed,1,1,1,no,no,yes,no,no,yes,/mnt/nfs/projects/CXR-TB/RESULTS/nmessino/DEV/pTB_LungRegionExtractor/RESULTS/resultados_nuevos/cropped_clahe/AP/TB1_ITA2-0570-AP-20130320.jpg,/mnt/nfs/projects/CXR-TB/RESULTS/nmessino/DEV/pTB_LungRegionExtractor/RESULTS/resultados_nuevos/cropped_clahe/LAT/TB1_ITA2-0570-LAT-20130320.jpg,-1
587,CISM,ITA2-0664,1.83,1,0,F,possible,1,0,1,yes,no,yes,no,no,yes,/mnt/nfs/projects/CXR-TB/RESULTS/nmessino/DEV/pTB_LungRegionExtractor/RESULTS/resultados_nuevos/cropped_clahe/AP/TB0_ITA2-0664-AP-20120808.jpg,/mnt/nfs/projects/CXR-TB/RESULTS/nmessino/DEV/pTB_LungRegionExtractor/RESULTS/resultados_nuevos/cropped_clahe/LAT/TB0_ITA2-0664-LAT-20120808.jpg,-1
588,CISM,ITA2-0665,1.83,1,0,M,possible,1,0,1,yes,no,yes,no,no,yes,/mnt/nfs/projects/CXR-TB/RESULTS/nmessino/DEV/pTB_LungRegionExtractor/RESULTS/resultados_nuevos/cropped_clahe/AP/TB0_ITA2-0665-AP-20130510.jpg,/mnt/nfs/projects/CXR-TB/RESULTS/nmessino/DEV/pTB_LungRegionExtractor/RESULTS/resultados_nuevos/cropped_clahe/LAT/TB0_ITA2-0665-LAT-20130510.jpg,-1
589,CISM,ITA2-0682,1.25,1,0,F,probable,1,0,1,no,no,yes,yes,no,yes,/mnt/nfs/projects/CXR-TB/RESULTS/nmessino/DEV/pTB_LungRegionExtractor/RESULTS/resultados_nuevos/cropped_clahe/AP/TB1_ITA2-0682-AP-20121123.jpg,/mnt/nfs/projects/CXR-TB/RESULTS/nmessino/DEV/pTB_LungRegionExtractor/RESULTS/resultados_nuevos/cropped_clahe/LAT/TB1_ITA2-0682-LAT-20121123.jpg,train,1
590,CISM,ITA2-0762,2.17,1,0,F,probable,1,0,1,no,no,no,no,yes,yes,/mnt/nfs/projects/CXR-TB/RESULTS/nmessino/DEV/pTB_LungRegionExtractor/RESULTS/resultados_nuevos/cropped_clahe/AP/TB1_ITA2-0762-AP-20130502.jpg,/mnt/nfs/projects/CXR-TB/RESULTS/nmessino/DEV/pTB_LungRegionExtractor/RESULTS/resultados_nuevos/cropped_clahe/LAT/TB1_ITA2-0762-LAT-20130502.jpg,train,3
591,CISM,ITA2-0792,0.75,1,0,F,possible,1,0,1,yes,no,no,no,yes,yes,/mnt/nfs/projects/CXR-TB/RESULTS/nmessino/DEV/pTB_LungRegionExtractor/RESULTS/resultados_nuevos/cropped_clahe/AP/TB0_ITA2-0792-AP-20121002.jpg,/mnt/nfs/projects/CXR-TB/RESULTS/nmessino/DEV/pTB_LungRegionExtractor/RESULTS/resultados_nuevos/cropped_clahe/LAT/TB0_ITA2-0792-LAT-20121002.jpg,train,3
